seq	lat	long
1	-99.205	19.43
2	-99.18	19.44
3	-99.135	19.435
4	-99.17	19.395
5	-99.18	19.395
6	-99.17	19.43
7	-99.27	19.37
8	-99.165	19.43
9	-99.18	19.435
10	-99.15	19.425
11	-99.2	19.445
12	-99.215	19.435
13	-99.19	19.305
14	-99.165	19.37
15	-99.095	19.385
16	-99.21	19.44
17	-99.205	19.44
18	-99.13	19.485
19	-99.12	19.48
20	-99.155	19.395
21	-99.17	41.748
22	-99.18	19.375
23	-99.17	19.425
24	-99.26	19.365
25	-99.135	19.43
26	-99.16	19.43
27	-99.2	19.43
28	-99.175	19.395
29	-99.18	19.345
30	-99.24	19.385
31	-99.205	19.34
32	-99.17	19.42
33	-99.15	19.445
34	-99.155	19.405
35	-99.14	19.29
36	-99.115	19.3
37	-99.645	19.29
38	-99.17	19.38
39	-99.135	19.285
40	-99.19	19.35
41	-99.19	19.43
42	-99.14	19.445
43	-99.255	19.39
44	-99.17	19.41
45	-99.12	18.895
46	-99.175	19.39
47	-99.165	19.435
48	-99.165	19.375
49	-99.175	19.285
50	-99.145	19.35
51	-99.2	41.778
52	-99.255	19.385
53	-99.05	19.395
54	-99.155	19.38
55	-99.14	19.38
56	-99.275	19.345
57	-99.29	19.36
58	-103.41	20.675
59	-99.195	19.43
60	-99.18	19.37
61	-99.14	19.435
62	-99.165	19.425
63	-100.31	25.635
64	-99.175	19.47
65	-99.14	19.545
66	-99.16	19.425
67	-99.175	19.38
68	-99.195	41.778
69	-99.165	19.365
70	-103.345	20.675
71	-99.19	19.365
72	-99.16	19.37
73	-99.265	19.375
74	-99.165	19.415
75	-99.21	19.435
76	-99.165	19.395
77	-99.17	19.405
78	-100.29	25.645
79	-99.21	19.43
80	-99.19	19.345
81	-99.155	19.505
82	-99.135	19.49
83	-100.28	25.635
84	-99.1	19.355
85	-99.19	19.595
86	-100.4	25.735
87	-99.14	19.285
88	-99.105	19.42
89	-99.22	19.445
90	-99.125	19.37
91	-99.13	19.35
92	-99.2	19.435
93	-99.185	19.435
94	-99.2	19.305
95	-99.215	19.33
96	-99.21	41.717
97	-99.185	19.355
98	-99.105	19.295
99	-99.18	19.455
100	-99.165	19.42
101	-99.195	19.44
102	-99.15	19.345
103	-99.06	19.305
104	-99.13	19.43
105	-99.12	19.305
106	-99.14	19.465
107	-99.18	19.43
108	-103.32	20.645
109	-99.125	19.325
110	-99.085	19.44
111	-99.155	41.717
112	-99.185	19.35
113	-99.14	19.365
114	-99.135	19.425
115	-99.185	19.44
116	-100.355	25.68
117	-99.2	19.44
118	-99.21	19.335
119	-99.12	19.44
120	-103.35	20.675
121	-99.175	19.385
122	-99.265	19.365
123	-99.105	19.41
124	-99.175	19.41
125	-103.275	20.625
126	-100.285	25.665
127	-99.19	19.435
128	-99.145	19.43
129	-99.115	19.265
130	-99.195	19.34
131	-99.185	19.36
132	-100.27	25.61
133	-99.25	41.748
134	-99.17	19.415
135	-99.08	19.38
136	-100.315	25.64
137	-101.675	21.135
138	-99.165	19.41
139	-99.135	19.295
140	-99.21	19.425
141	-99.18	19.41
142	-99.135	41.717
143	-99.185	19.46
144	-99.255	19.36
145	-99.185	19.41
146	-99.195	19.305
147	-99.11	19.425
148	-99.17	19.435
149	-99.155	19.415
150	-99.15	19.34
151	-99.205	19.425
152	-100.275	25.65
153	-99.155	19.44
154	-99.175	19.435
155	-99.16	19.42
156	-99.22	19.45
157	-99.155	19.295
158	-99.135	19.34
159	-99.14	19.43
160	-99.155	19.345
161	-99.185	19.295
162	-99.045	19.345
163	-100.375	25.71
164	-103.34	20.675
165	-99.16	19.38
166	-99.21	19.33
167	-100.3	25.655
168	-99.175	19.42
169	-99.185	19.39
170	-99.08	19.44
171	-99.185	19.365
172	-99.125	19.41
173	-99.175	19.425
174	-99.22	19.31
175	-100.31	41.845
176	-99.155	19.43
177	-99.26	19.375
178	-99.17	19.31
179	-99.15	19.435
180	-99.11	19.38
181	-99.15	19.48
182	-99.19	41.748
183	-99.17	19.36
184	-99.19	19.355
185	-99.12	19.47
186	-99.105	19.485
187	-99.18	19.415
188	-99.155	19.435
189	-100.32	25.68
190	-99.185	19.405
191	-99.15	19.36
192	-99.21	19.32
193	-99.18	19.365
194	-100.35	25.69
195	-99.225	19.385
196	-99.19	19.34
197	-99.155	19.42
198	-99.12	19.29
199	-99.18	19.39
200	-100.315	25.67
201	-99.165	19.405
202	-99.13	19.45
203	-99.125	19.265
204	-99.18	19.295
205	-99.125	19.315
206	-99.215	19.325
207	-99.135	19.455
208	-99.16	19.39
209	-103.375	20.68
210	-99.105	19.375
211	-99.15	41.717
212	-99.155	19.39
213	-99.185	19.38
214	-99.155	19.37
215	-99.12	19.335
216	-103.36	20.675
217	-99.22	19.42
218	-99.225	19.315
219	-99.24	19.405
220	-99.12	19.36
221	-99.21	41.748
222	-99.19	19.375
223	-99.12	19.38
224	-99.045	19.39
225	-99.14	19.42
226	-99.15	19.495
227	-99.175	19.415
228	-103.37	20.675
229	-99.185	19.445
230	-99.22	19.385
231	-100.39	25.725
232	-99.155	41.748
233	-99.175	19.37
234	-99.14	19.325
235	-99.12	41.717
236	-99.095	19.415
237	-99.17	41.717
238	-100.36	25.71
239	-99.005	19.335
240	-99.105	19.425
241	-100.345	25.705
242	-99.06	19.385
243	-99.165	19.35
244	-100.32	25.67
245	-99.16	19.435
246	-99.13	19.32
247	-99.17	19.365
248	-99.21	19.37
249	-99.155	19.53
250	-99.215	19.295
251	-100.33	25.71
252	-99.2	19.355
253	-99.125	19.42
254	-99.115	19.475
255	-99.055	19.345
256	-100.315	25.665
257	-99.095	19.42
258	-99.175	19.375
259	-100.255	25.585
260	-99.16	19.375
261	-99.125	19.475
262	-99.16	19.445
263	-99.255	19.37
264	-99.17	19.285
265	-99.125	19.31
266	-99.13	19.415
267	-99.19	19.36
268	-99.27	19.36
269	-103.28	20.69
270	-103.385	20.695
271	-100.285	25.635
272	-99.2	19.39
273	-99.135	41.748
274	-103.37	20.685
275	-103.32	20.715
276	-99.155	19.335
277	-99.28	19.36
278	-99.035	19.345
279	-99.18	19.405
280	-99.14	19.32
281	-99.16	19.29
282	-99.115	19.415
283	-99.215	19.355
284	-103.345	20.665
285	-99.105	19.355
286	-99.06	19.295
287	-99.2	19.365
288	-99.19	19.405
289	-99.2	19.34
290	-99.21	19.365
291	-99.155	19.33
292	-99.14	41.717
293	-99.145	19.435
294	-99.265	19.36
295	-99.11	19.39
296	-99.215	19.43
297	-99.215	19.44
298	-100.27	25.685
299	-99.285	19.365
300	-103.38	41.84
301	-99.175	19.44
302	-99.16	19.295
303	-100.15	25.43
304	-99.16	19.415
305	-103.39	20.68
306	-99.2	19.36
307	-99.295	19.35
308	-99.145	19.495
309	-99.18	19.385
310	-99.16	41.778
311	-99.135	19.325
312	-103.39	20.675
313	-99.02	19.325
314	-103.375	41.84
315	-99.175	19.43
316	-100.27	25.605
317	-103.405	20.675
318	-99.115	19.325
319	-100.35	25.705
320	-100.38	25.695
321	-100.31	25.665
322	-99.105	19.31
323	-99.2	19.345
324	-99.185	19.465
325	-99.08	19.465
326	-99.175	19.405
327	-99.15	19.505
328	-99.24	19.335
329	-99.18	19.38
330	-99.15	19.42
331	-99.125	19.43
332	-99.13	19.49
333	-103.345	20.705
334	-99.175	19.29
335	-99.08	19.32
336	-99.11	19.435
337	-99.145	19.32
338	-99.28	19.375
339	-99.165	19.38
340	-100.26	25.59
341	-100.415	25.76
342	-100.355	25.685
343	-100.31	25.675
344	-99.145	19.46
345	-99.17	19.375
346	-99.105	19.32
347	-99.17	19.39
348	-99.135	19.445
349	-99.165	19.355
350	-99.125	19.49
351	-99.135	19.495
352	-100.345	25.69
353	-99.125	19.51
354	-99.07	19.435
355	-99.19	19.39
356	-100.395	25.725
357	-99.185	19.48
358	-100.295	25.68
359	-99.24	19.47
360	-99.2	19.335
361	-99.18	41.748
362	-100.37	25.705
363	-100.275	25.625
364	-99.13	19.24
365	-99.16	19.44
366	-99.25	19.34
367	-99.19	19.44
368	-99.185	19.395
369	-99.125	41.717
370	-99.16	19.385
371	-103.395	20.68
372	-100.295	25.655
373	-103.35	20.665
374	-99.185	19.385
375	-100.365	41.845
376	-99.02	19.375
377	-99.125	19.365
378	-99.12	19.545
379	-99.17	19.295
380	-99.16	19.495
381	-100.365	25.68
382	-99.175	19.335
383	-99.145	19.385
384	-100.355	25.675
385	-99.185	19.335
386	-99.205	19.42
387	-103.365	41.84
388	-99.12	19.32
389	-99.15	19.44
390	-99.13	19.425
391	-99.11	41.717
392	-99.185	19.37
393	-99.155	19.385
394	-99.155	19.425
395	-100.38	25.735
396	-99.25	19.39
397	-103.36	20.705
398	-99.14	19.48
399	-99.21	19.395
400	-99.2	19.395
401	-99.235	19.305
402	-99.13	19.395
403	-99.135	19.28
404	-99.165	19.325
405	-103.385	20.675
406	-100.34	25.685
407	-103.28	20.64
408	-99.07	19.31
409	-99.12	19.35
410	-100.345	25.71
411	-99.17	19.525
412	-99.155	19.445
413	-100.365	25.675
414	-103.36	20.655
415	-99.14	19.31
416	-99.095	19.32
417	-100.29	25.675
418	-100.27	25.63
419	-99.275	19.36
420	-99.105	19.415
421	-103.385	20.655
422	-99.215	19.445
423	-99.11	19.305
424	-100.33	25.685
425	-99.125	19.295
426	-99.125	19.425
427	-103.325	20.695
428	-99.08	19.385
429	-99.17	19.44
430	-99.165	19.465
431	-116.955	32.49
432	-99.155	19.365
433	-103.39	20.685
434	-99.14	19.415
435	-103.38	20.675
436	-99.22	19.34
437	-99.09	19.415
438	-99.1	19.47
439	-99.175	19.345
440	-99.205	19.505
441	-99.155	19.41
442	-103.385	41.84
443	-99.09	19.385
444	-99.125	19.465
445	-103.36	20.665
446	-99.02	19.25
447	-99.18	19.46
448	-100.385	25.715
449	-103.335	20.675
450	-103.305	20.635
451	-100.345	25.67
452	-100.26	25.685
453	-99.17	19.37
454	-103.365	20.675
455	-99.065	19.305
456	-99.145	19.48
457	-99.22	19.32
458	-99.18	19.465
459	-99.185	19.34
460	-99.17	19.345
461	-99.165	19.28
462	-103.325	20.66
463	-99.005	19.345
464	-99.13	19.435
465	-99.165	19.445
466	-99.165	19.29
467	-99.245	19.39
468	-99.145	19.45
469	-99.125	19.485
470	-99.075	19.32
471	-99.155	19.325
472	-99.135	19.55
473	-100.35	25.675
474	-99.165	19.39
475	-100.345	25.685
476	-100.395	25.73
477	-103.315	20.725
478	-99.15	19.39
479	-99.22	19.44
480	-99.175	19.305
481	-99.165	19.385
482	-99.13	19.335
483	-99.185	19.43
484	-103.32	20.73
485	-99.185	19.375
486	-99.24	19.32
487	-103.375	20.67
488	-100.395	25.735
489	-99.145	19.39
490	-99.115	19.34
491	-99.16	19.35
492	-99.205	19.335
493	-103.4	20.675
494	-99.165	41.748
495	-103.34	20.66
496	-99.25	19.36
497	-99.225	19.34
498	-100.295	25.66
499	-99.145	19.29
500	-99.135	19.44
501	-99.21	19.355
502	-99.205	19.375
503	-99.18	19.445
504	-99.135	19.465
505	-100.34	25.715
506	-99.195	19.365
507	-99.145	19.545
508	-99.115	19.405
509	-99.135	19.475
510	-99.16	19.36
511	-99.145	19.31
512	-99.105	19.265
513	-99.075	19.335
514	-100.35	25.67
515	-99.175	41.748
516	-103.35	20.67
517	-99.15	19.385
518	-99.16	41.717
519	-99.12	19.485
520	-100.34	25.67
521	-99.225	19.415
522	-99.23	19.35
523	-99.225	19.325
524	-99.195	19.405
525	-99.225	19.395
526	-99.165	19.27
527	-99.22	19.43
528	-99.075	19.495
529	-99.1	19.415
530	-99.165	19.36
531	-99.125	19.35
532	-99.13	19.295
533	-100.195	25.715
534	-99.165	19.295
535	-99.095	19.45
536	-99.2	19.48
537	-99.09	19.25
538	-99.195	19.425
539	-99.145	19.34
540	-103.385	20.68
541	-99.165	19.44
542	-99.14	19.405
543	-100.295	25.625
544	-103.345	20.62
545	-103.39	20.665
546	-99.06	19.405
547	-100.285	25.62
548	-103.4	20.65
549	-99.21	19.34
550	-99.105	19.385
551	-99.19	19.37
552	-99.215	19.42
553	-100.315	25.675
554	-100.36	25.67
555	-99.135	19.345
556	-100.325	25.67
557	-103.375	20.675
558	-99.17	41.778
559	-99.185	19.485
560	-100.36	25.675
561	-99.01	19.295
562	-103.375	20.695
563	-100.345	25.695
564	-99.18	19.34
565	-99.15	19.485
566	-99.195	19.435
567	-99.155	19.45
568	-103.385	20.69
569	-99.15	19.38
570	-99.085	19.435
571	-99.145	19.47
572	-99.085	19.355
573	-99.175	19.445
574	-103.39	20.67
575	-100.355	25.69
576	-99.225	19.31
577	-103.35	20.68
578	-99.205	41.778
579	-100.285	25.65
580	-99.17	19.355
581	-99.135	19.405
582	-99.195	19.35
583	-99.245	19.405
584	-103.335	20.685
585	-99.125	19.435
586	-103.355	20.675
587	-99.09	19.465
588	-99.15	41.748
589	-99.105	19.395
590	-99.14	19.51
591	-99.2	19.35
592	-99.08	19.375
593	-100.32	25.685
594	-103.345	20.67
595	-103.37	20.67
596	-99.145	19.37
597	-99.23	19.365
598	-103.305	20.685
599	-100.275	25.64
600	-103.36	20.645
601	-103.38	20.685
602	-99.205	41.748
603	-99.19	19.395
604	-99.125	41.748
605	-99.14	41.748
606	-99.115	19.41
607	-99.16	41.748
608	-99.15	19.54
609	-103.36	20.695
610	-99.145	19.42
611	-100.35	25.695
612	-103.385	20.685
613	-99.155	19.375
614	-103.315	20.66
615	-99.245	19.31
616	-99.235	19.36
617	-99.08	19.36
618	-99.19	41.717
619	-103.38	20.68
620	-99.13	41.748
621	-99.22	19.285
622	-100.305	25.635
623	-99.145	19.51
624	-99.125	19.305
625	-99.26	19.39
626	-103.355	20.71
627	-99.15	19.49
628	-100.335	25.695
629	-100.325	25.68
630	-100.325	25.66
631	-100.345	25.725
632	-100.325	25.685
633	-99.19	19.38
634	-99.205	19.435
635	-99.225	19.425
636	-99.155	19.545
637	-99.145	19.485
638	-100.31	25.69
639	-103.275	20.68
640	-99.2	19.455
641	-99.17	19.46
642	-99.15	19.51
643	-99.135	19.29
644	-100.29	25.68
645	-103.325	20.555
646	-99.16	19.395
647	-99.09	19.425
648	-100.335	25.655
649	-99.3	19.355
650	-99.165	19.52
651	-99.13	41.778
652	-100.26	25.695
653	-99.16	19.345
654	-99.2	19.41
655	-99.18	19.335
656	-103.395	20.695
657	-99.175	41.778
658	-99.135	19.42
659	-99.145	19.375
660	-99.14	19.475
661	-99.19	19.48
662	-99.155	19.495
663	-99.135	19.38
664	-99.205	19.31
665	-103.355	20.66
666	-103.38	20.69
667	-99.13	19.315
668	-103.385	20.665
669	-100.39	25.72
670	-99.155	19.355
671	-103.28	20.66
672	-103.3	20.69
673	-99.12	41.748
674	-100.3	25.665
675	-99.005	19.195
676	-99.205	19.305
677	-99.235	41.748
678	-100.365	25.715
679	-99.17	19.465
680	-100.315	25.705
681	-100.315	25.685
682	-100.35	41.845
683	-99.095	41.748
684	-99.105	19.435
685	-99.145	19.425
686	-99.295	19.36
687	-103.285	20.645
688	-99.135	19.47
689	-103.37	20.665
690	-99.195	19.49
691	-100.36	25.715
692	-99.265	19.395
693	-99.14	19.395
694	-99.18	19.425
695	-100.28	25.63
696	-103.325	20.71
697	-99.21	19.42
698	-103.355	20.685
699	-99.185	19.31
700	-99.215	41.901
701	-100.39	25.775
702	-103.305	20.69
703	-99.17	19.275
704	-99.135	19.385
705	-99.09	19.51
706	-99.095	19.425
707	-99.08	19.41
708	-99.27	19.365
709	-99.165	41.717
710	-99.215	19.45
711	-99.175	19.365
712	-99.27	19.31
713	-99.185	19.235
714	-103.365	20.65
715	-99.15	19.37
716	-99.135	19.515
717	-99.14	19.41
718	-103.295	20.695
719	-103.365	20.705
720	-99.13	19.475
721	-99.16	19.365
722	-99.13	19.455
723	-103.405	20.67
724	-99.145	41.748
725	-99.16	19.405
726	-99.23	19.475
727	-103.36	20.68
728	-103.38	20.67
729	-99.21	19.49
730	-100.32	25.675
731	-99.11	19.47
732	-100.295	25.645
733	-99.095	19.355
734	-99.205	19.51
735	-99.18	19.29
736	-99.245	19.32
737	-103.39	20.655
738	-99.1	19.51
739	-99.14	19.37
740	-100.32	25.665
741	-99.12	19.39
742	-103.34	20.67
743	-99.17	19.28
744	-99.145	19.415
745	-99.11	19.37
746	-99.06	19.395
747	-99.09	19.41
748	-99.085	19.495
749	-99.075	19.395
750	-99.05	41.717
751	-99.175	19.465
752	-99.11	19.375
753	-100.375	25.685
754	-99.12	19.355
755	-99.14	19.45
756	-99.065	19.405
757	-99.17	19.385
758	-100.37	25.66
759	-103.395	20.685
760	-103.335	20.615
761	-99.24	19.39
762	-103.365	20.67
763	-99.135	19.56
764	-100.385	25.745
765	-99.085	19.445
766	-99.13	19.42
767	-99.22	19.41
768	-103.335	20.65
769	-99.19	19.455
770	-103.39	41.84
771	-100.31	25.68
772	-99.2	19.405
773	-99.11	19.48
774	-99.105	19.43
775	-99.125	19.28
776	-99.175	19.48
777	-99.13	19.305
778	-99.15	19.395
779	-99.19	19.465
780	-99.2	41.748
781	-99.135	19.375
782	-99.185	19.45
783	-100.27	25.735
784	-99.15	19.43
785	-99.1	19.38
786	-100.4	25.655
787	-99.21	19.315
788	-100.405	25.755
789	-99.19	19.445
790	-99.115	19.305
791	-99.155	41.778
792	-99.15	19.35
793	-99.165	19.345
794	-99.085	19.385
795	-99.005	19.34
796	-99.24	19.395
797	-99.16	19.32
798	-99.135	19.27
799	-100.375	25.665
800	-103.33	20.725
801	-99.22	19.415
802	-100.265	25.605
803	-99.16	19.45
804	-103.395	20.675
805	-99.25	19.385
806	-103.34	20.68
807	-99.125	19.495
808	-99.125	19.38
809	-103.36	20.64
810	-99.11	19.415
811	-100.27	25.62
812	-99.19	19.47
813	-99.09	19.42
814	-103.315	20.73
815	-103.42	20.635
816	-103.375	20.685
817	-99.26	19.38
818	-103.345	20.66
819	-103.37	20.64
820	-99.14	19.455
821	-103.335	20.69
822	-100.28	25.655
823	-103.375	20.64
824	-99.195	19.36
825	-99.125	19.375
826	-99.07	19.365
827	-99.185	19.475
828	-99.08	19.335
829	-103.395	20.66
830	-99.265	19.555
831	-100.215	25.645
832	-99.02	19.385
833	-99.135	19.33
834	-99.17	19.265
835	-99.045	19.34
836	-100.41	25.765
837	-100.305	25.675
838	-103.3	20.67
839	-103.33	41.84
840	-100.315	25.66
841	-99.19	19.41
842	-99.02	19.36
843	-99.14	19.525
844	-103.35	20.715
845	-100.405	25.76
846	-103.395	20.655
847	-100.27	25.665
848	-99.145	19.335
849	-99.13	19.44
850	-100.365	25.725
851	-99.18	19.28
852	-103.4	20.66
853	-99.16	19.455
854	-99.155	19.36
855	-99.115	19.48
856	-103.355	20.695
857	-99.195	19.385
858	-103.32	20.65
859	-99.23	19.38
860	-103.375	20.665
861	-103.385	20.645
862	-103.365	20.68
863	-99.14	19.36
864	-100.22	25.54
865	-103.4	20.665
866	-103.315	20.645
867	-99.085	19.475
868	-103.345	20.695
869	-99.18	19.495
870	-99.14	19.335
871	-103.305	20.645
872	-99.185	41.748
873	-99.16	19.51
874	-99.1	19.43
875	-103.355	20.665
876	-100.33	25.68
877	-99.15	19.365
878	-103.37	20.655
879	-99.19	19.385
880	-103.355	20.65
881	-103.395	20.665
882	-103.345	41.81
883	-99.145	19.445
884	-103.345	20.68
885	-99.04	19.34
886	-99.115	19.24
887	-99.23	19.32
888	-100.325	25.705
889	-100.255	25.59
890	-99.1	19.42
891	-99.13	19.39
892	-99.185	19.49
893	-99.175	19.49
894	-99.145	19.345
895	-99.07	19.395
896	-99.08	19.445
897	-100.415	25.765
898	-99.27	19.38
899	-100.305	25.685
900	-99.14	19.39
901	-100.405	25.73
902	-103.34	20.705
903	-99.21	19.485
904	-99.11	19.315
905	-99.14	19.44
906	-100.355	25.695
907	-99.15	19.355
908	-99.04	19.345
909	-100.375	25.67
910	-99.15	19.415
911	-99.26	19.395
912	-100.32	25.66
913	-103.34	20.635
914	-103.36	20.685
915	-103.38	20.65
916	-99.11	19.455
917	-99.105	19.26
918	-99.15	19.525
919	-99.135	19.415
920	-99.2	19.38
921	-99.08	19.42
922	-99.195	19.445
923	-99.12	19.465
924	-99.125	19.48
925	-103.375	20.705
926	-103.28	20.665
927	-99.21	19.305
928	-103.38	20.71
929	-100.32	25.69
930	-99.145	19.44
931	-99.12	19.33
932	-100.345	25.72
933	-100.405	25.74
934	-100.31	25.64
935	-99.2	19.495
936	-103.31	20.71
937	-100.235	25.585
938	-99.09	19.39
939	-99.125	19.415
940	-99.065	19.41
941	-99.125	19.345
942	-99.125	19.47
943	-99.13	19.29
944	-100.285	25.625
945	-99.105	41.717
946	-99.125	19.36
947	-103.39	20.65
948	-100.345	25.68
949	-99.06	19.33
950	-103.345	20.725
951	-99.225	19.35
952	-99.175	19.295
953	-99.115	19.37
954	-99.13	19.34
955	-99.2	19.45
956	-99.165	19.265
957	-99.13	19.33
958	-99.215	19.425
959	-99.195	19.485
960	-100.305	25.67
961	-103.395	20.635
962	-99.12	19.245
963	-99.13	19.385
964	-100.275	25.645
965	-103.315	20.695
966	-99.145	19.405
967	-99.135	19.39
968	-103.39	20.645
969	-99.11	19.26
970	-99.165	19.45
971	-99.115	19.33
972	-103.35	20.685
973	-99.01	19.345
974	-99.135	19.265
975	-99.125	19.29
976	-99.115	19.365
977	-99.2	19.28
978	-103.375	20.63
979	-103.315	20.675
980	-99.195	19.495
981	-99.18	19.355
982	-99.245	19.295
983	-100.365	25.77
984	-100.29	25.64
985	-99.145	19.465
986	-99.135	19.36
987	-99.13	19.38
988	-99.275	19.375
989	-99.145	19.38
990	-99.14	19.49
991	-99.115	19.445
992	-100.315	25.68
993	-99.135	19.32
994	-99.295	19.355
995	-99.095	19.245
996	-99.11	19.465
997	-100.335	25.67
998	-100.33	25.675
999	-99.225	19.37
1000	-99.17	19.445
1001	-100.36	25.68
1002	-99.06	41.748
1003	-100.305	25.64
1004	-103.23	20.615
1005	-99.135	19.335
1006	-99.07	19.375
1007	-100.31	25.685
1008	-99.18	19.475
1009	-99.14	19.47
1010	-103.39	20.72
1011	-100.365	25.72
1012	-99.175	19.355
1013	-99.105	19.37
1014	-103.325	20.685
1015	-100.4	25.73
1016	-99.13	41.717
1017	-99.125	19.44
1018	-99.12	19.45
1019	-103.39	20.64
1020	-99.16	19.41
1021	-99.12	19.275
1022	-99.105	19.255
1023	-100.315	25.69
1024	-99.115	19.27
1025	-99.075	19.325
1026	-99.14	19.46
1027	-99.09	19.435
1028	-100.285	25.66
1029	-99.09	19.47
1030	-99.165	19.495
1031	-99.135	19.41
1032	-103.37	20.68
1033	-99.12	19.49
1034	-100.37	25.71
1035	-103.32	41.84
1036	-99.1	19.49
1037	-99.155	19.35
1038	-99.225	19.44
1039	-103.4	20.68
1040	-99.295	19.365
1041	-99.115	19.46
1042	-99.105	19.47
1043	-99.11	19.365
1044	-103.27	20.68
1045	-99.125	19.33
1046	-99.115	19.395
1047	-99.145	41.717
1048	-99.115	19.245
1049	-99.12	19.415
1050	-99.115	41.748
1051	-100.31	25.66
1052	-99.285	19.36
1053	-99.125	19.395
1054	-99.12	19.295
1055	-100.28	25.64
1056	-103.325	20.655
1057	-99.075	19.49
1058	-103.38	20.655
1059	-99.21	19.375
1060	-99.13	19.405
1061	-100.28	25.725
1062	-103.365	20.685
1063	-103.405	20.665
1064	-99.085	19.485
1065	-99.085	19.41
1066	-99.245	19.53
1067	-100.33	25.67
1068	-99.105	19.49
1069	-100.285	25.63
1070	-100.315	25.785
1071	-100.26	25.595
1072	-100.285	25.655
1073	-99.3	19.35
1074	-99.125	19.405
1075	-99.175	19.28
1076	-99.155	19.475
1077	-99.15	41.778
1078	-99.16	19.49
1079	-99.28	19.365
1080	-99.075	19.305
1081	-103.365	20.695
1082	-103.35	20.66
1083	-99.115	19.35
1084	-99.055	19.29
1085	-99.185	19.415
1086	-99.2	19.485
1087	-99.3	19.37
1088	-99.225	19.33
1089	-103.32	20.655
1090	-100.285	41.845
1091	-103.38	20.64
1092	-99.125	19.505
1093	-100.305	25.645
1094	-99.175	19.485
1095	-99.055	19.32
1096	-99.16	19.355
1097	-103.3	20.695
1098	-99.13	19.275
1099	-100.35	25.685
1100	-99.11	19.31
1101	-99.145	19.295
1102	-99.145	19.305
1103	-100.375	25.715
1104	-99.155	19.46
1105	-99.065	41.717
1106	-99.135	19.555
1107	-99.12	41.778
1108	-103.315	20.655
1109	-100.295	25.65
1110	-99.215	19.365
1111	-99.115	19.44
1112	-99.1	19.435
1113	-100.28	25.625
1114	-99.195	19.355
1115	-99.08	19.35
1116	-99.105	19.325
1117	-99.11	19.485
1118	-100.34	25.675
1119	-103.345	20.715
1120	-103.31	20.685
1121	-99.085	19.39
1122	-103.345	20.71
1123	-100.34	25.75
1124	-99.22	19.425
1125	-99.21	19.345
1126	-99.12	19.475
1127	-99.07	19.49
1128	-99.12	19.455
1129	-99.14	19.55
1130	-99.265	19.385
1131	-99.135	19.35
1132	-103.35	20.655
1133	-99.14	19.555
1134	-99.065	19.395
1135	-99.07	41.748
1136	-100.375	25.735
1137	-99.15	19.455
1138	-99.01	19.255
1139	-99.15	19.405
1140	-99.08	19.295
1141	-100.39	25.73
1142	-99.15	19.46
1143	-99.17	19.47
1144	-99.12	19.435
1145	-103.37	20.625
1146	-103.33	20.695
1147	-103.395	20.69
1148	-99.07	19.205
1149	-103.395	20.64
1150	-103.405	20.635
1151	-99.015	19.295
1152	-99.065	19.315
1153	-100.265	25.595
1154	-103.3	20.655
1155	-99.215	19.305
1156	-103.32	20.68
1157	-103.4	20.625
1158	-99.255	19.375
1159	-100.35	25.68
1160	-100.29	25.65
1161	-100.39	25.755
1162	-99.08	19.31
1163	-103.355	20.67
1164	-103.38	20.705
1165	-100.315	25.695
1166	-99.21	19.39
1167	-103.38	20.715
1168	-99.14	19.28
1169	-98.995	19.265
1170	-99.115	19.295
1171	-99.125	19.245
1172	-98.97	19.37
1173	-103.375	20.615
1174	-100.375	25.77
1175	-99.095	19.495
1176	-99.235	19.365
1177	-103.275	20.66
1178	-103.295	20.69
1179	-100.325	25.675
1180	-100.34	25.705
1181	-103.29	20.68
1182	-103.32	20.675
1183	-99.115	19.42
1184	-103.38	20.63
1185	-99.21	19.36
1186	-99.095	41.778
1187	-100.3	25.67
1188	-100.285	25.67
1189	-100.285	25.69
1190	-99.13	19.555
1191	-103.335	20.67
1192	-99.06	19.41
1193	-103.33	20.675
1194	-99.23	19.405
1195	-100.285	25.705
1196	-98.58	19.335
1197	-100.31	25.67
1198	-100.38	25.755
1199	-99.17	19.35
1200	-103.315	20.65
1201	-99.255	19.38
1202	-103.32	20.67
1203	-99.22	19.46
1204	-99.115	19.285
1205	-99.075	19.31
1206	-99.105	19.38
1207	-103.4	20.645
1208	-99.11	19.42
1209	-99.14	19.535
1210	-99.105	19.48
1211	-103.31	20.66
1212	-99.265	19.37
1213	-99.17	19.305
1214	-100.29	25.625
1215	-103.29	20.645
1216	-99.205	19.39
1217	-99.115	19.335
1218	-99.115	19.38
1219	-100.335	25.675
1220	-100.355	25.745
1221	-99.02	19.295
1222	-99.085	19.47
1223	-99.13	19.28
1224	-99.095	19.445
1225	-100.25	25.58
1226	-103.33	20.715
1227	-100.34	25.725
1228	-100.28	25.695
1229	-103.31	20.645
1230	-103.285	20.665
1231	-100.27	25.65
1232	-99.135	19.395
1233	-99.165	19.25
1234	-99.1	19.405
1235	-99.12	19.395
1236	-103.385	20.67
1237	-99.165	19.34
1238	-103.4	20.685
1239	-99.13	19.495
1240	-99.14	19.54
1241	-103.39	20.69
1242	-99.115	19.425
1243	-103.31	20.69
1244	-99.07	19.39
1245	-99.165	19.46
1246	-103.36	20.67
1247	-99.14	19.33
1248	-99.2	19.375
1249	-99.17	19.51
1250	-100.34	25.72
1251	-99.13	19.46
1252	-99.12	19.265
1253	-103.37	41.84
1254	-99.035	19.295
1255	-99.075	19.37
1256	-99.17	19.255
1257	-100.38	25.71
1258	-100.27	41.845
1259	-99.195	41.717
1260	-100.395	25.785
1261	-103.31	20.675
1262	-99.11	19.22
1263	-98.995	19.215
1264	-103.36	20.71
1265	-99.195	19.395
1266	-100.345	25.675
1267	-103.35	20.71
1268	-100.33	25.735
1269	-100.315	25.735
1270	-103.285	20.69
1271	-99.17	19.45
1272	-84.08	9.94
1273	-99.205	19.36
1274	-99.055	19.385
1275	-100.29	25.62
1276	-99.04	19.295
1277	-100.38	25.715
1278	-99.055	19.395
1279	-103.345	20.69
1280	-99.12	19.23
1281	-99.215	19.37
1282	-99.145	19.365
1283	-103.33	20.665
1284	-100.31	25.705
1285	-99.155	19.55
1286	-99.12	19.445
1287	-99.24	19.38
1288	-99.26	19.36
1289	-99.175	19.54
1290	-103.315	20.665
1291	-99.205	19.365
1292	-99.115	19.45
1293	-99.14	19.425
1294	-99.245	19.41
1295	-100.295	41.845
1296	-103.39	20.695
1297	-103.315	20.69
1298	-99.13	19.47
1299	-99.16	19.305
1300	-103.385	20.66
1301	-99.235	19.285
1302	-99	19.335
1303	-99.125	19.355
1304	-100.28	25.705
1305	-99.055	19.42
1306	-99.14	19.375
1307	-105.195	41.903
1308	-99.08	19.39
1309	-99.15	19.41
1310	-103.335	20.655
1311	-99.115	19.465
1312	-99.175	19.35
1313	-103.35	20.62
1314	-99.165	19.49
1315	-103.27	20.695
1316	-103.34	20.715
1317	-99.06	19.465
1318	-99.245	19.385
1319	-99.185	19.305
1320	-103.365	20.665
1321	-99.145	19.36
1322	-103.38	20.695
1323	-99.025	19.355
1324	-99.165	19.47
1325	-99.075	41.748
1326	-99.195	19.46
1327	-99.05	19.295
1328	-99	19.175
1329	-100.385	25.72
1330	-100.365	25.71
1331	-103.29	41.84
1332	-99.23	19.31
1333	-99.175	19.455
1334	-99.11	19.505
1335	-103.34	20.655
1336	-99.175	19.325
1337	-99.135	19.31
1338	-99.23	19.305
1339	-99.065	19.375
1340	-100.19	25.735
1341	-100.335	41.845
1342	-99.25	19.375
1343	-99.045	19.29
1344	-100.375	25.69
1345	-99.06	19.42
1346	-99.21	19.51
1347	-99.18	19.36
1348	-99.14	19.515
1349	-99.24	19.305
1350	-100.3	25.675
1351	-110.29	30.995
1352	-99.14	19.315
1353	-103.34	20.745
1354	-99.11	19.445
1355	-99.205	19.48
1356	-99.08	19.495
1357	-99.205	19.49
1358	-99.09	19.395
1359	-100.39	25.745
1360	-99.13	19.545
1361	-100.36	25.72
1362	-100.4	25.765
1363	-103.31	20.65
1364	-100.325	25.69
1365	-103.325	20.675
1366	-99.195	19.375
1367	-99.035	19.39
1368	-99.105	19.465
1369	-99.04	19.29
1370	-103.28	20.67
1371	-99.12	19.46
1372	-103.35	20.63
1373	-103.35	20.695
1374	-99.185	19.29
1375	-103.325	20.705
1376	-99.005	19.27
1377	-99.075	19.39
1378	-99.095	19.395
1379	-99.12	19.24
1380	-99.065	19.465
1381	-99.11	19.295
1382	-99.215	19.495
1383	-99.11	19.45
1384	-99.15	19.32
1385	-99.085	19.32
1386	-99.03	19.36
1387	-103.335	20.66
1388	-99.28	19.325
1389	-99.17	19.315
1390	-99.15	19.295
1391	-99.1	19.44
1392	-100.26	25.605
1393	-100.27	25.615
1394	-103.375	20.69
1395	-99.235	19.28
1396	-99.085	19.36
1397	-99.235	19.475
1398	-99.23	19.335
1399	-103.31	20.665
1400	-103.3	20.68
1401	-99.14	19.565
1402	-103.32	20.72
1403	-99.105	19.455
1404	-116.97	32.5
1405	-103.295	20.685
1406	-103.275	20.67
1407	-99.155	19.455
1408	-99.16	19.52
1409	-100.33	25.66
1410	-103.34	20.685
1411	-100.275	25.66
1412	-99.12	19.365
1413	-99.115	19.31
1414	-99.27	19.345
1415	-99.055	19.34
1416	-100.325	25.65
1417	-99.06	19.415
1418	-103.32	20.66
1419	-100.37	41.845
1420	-99	19.36
1421	-100.3	25.705
1422	-100.28	25.69
1423	-99.2	41.717
1424	-99.165	19.305
1425	-99.22	19.315
1426	-99.185	19.28
1427	-103.325	20.645
1428	-100.29	25.705
1429	-100.3	25.69
1430	-99.155	19.515
1431	-99.215	19.285
1432	-99.2	19.475
1433	-99.19	19.475
1434	-99.085	19.415
1435	-100.3	25.635
1436	-100.27	25.68
1437	-99.085	19.455
1438	-103.37	20.66
1439	-99.17	19.29
1440	-99.215	19.455
1441	-103.335	41.84
1442	-99.25	19.32
1443	-99.115	19.345
1444	-99.165	19.525
1445	-100.205	25.69
1446	-100.4	25.745
1447	-100.37	25.75
1448	-113.41	27.685
1449	-99.145	19.325
1450	-99.115	19.255
1451	-99.125	19.235
1452	-99.115	19.43
1453	-100.39	25.735
1454	-99.215	19.35
1455	-99.145	19.28
1456	-100.305	41.845
1457	-99.09	19.45
1458	-103.365	20.645
1459	-99.22	19.33
1460	-99.255	19.31
1461	-99.065	19.34
1462	-103.315	20.64
1463	-100.365	25.685
1464	-99.165	19.335
1465	-99.205	19.355
1466	-96.9	19.56
1467	-103.425	20.64
1468	-99.225	19.47
1469	-99.24	19.315
1470	-99.13	19.505
1471	-99.18	19.45
1472	-103.385	20.705
1473	-103.32	20.635
1474	-99.11	19.35
1475	-100.325	25.71
1476	-99.185	19.47
1477	-99.165	19.285
1478	-99.215	41.748
1479	-99.24	19.34
1480	-99.1	19.25
1481	-99.045	19.315
1482	-99.12	19.385
1483	-103.33	20.68
1484	-99.195	19.455
1485	-100.28	25.65
1486	-103.335	20.63
1487	-99.06	19.255
1488	-103.345	20.615
1489	-99.13	19.375
1490	-100.38	25.74
1491	-99.125	41.778
1492	-99.155	19.34
1493	-100.395	25.765
1494	-99.08	19.475
1495	-99.155	19.31
1496	-100.405	25.745
1497	-100.295	25.63
1498	-100.345	25.73
1499	-100.29	41.845
1500	-99.11	19.43
1501	-103.28	20.65
1502	-99.175	41.717
1503	-99.18	19.35
1504	-99.145	19.52
1505	-99.005	19.24
1506	-99.08	19.415
1507	-100.29	25.63
1508	-103.37	20.62
1509	-99	19.345
1510	-99.145	19.395
1511	-99.12	19.41
1512	-100.345	25.665
1513	-103.31	20.735
1514	-99.12	19.525
1515	-100.21	25.695
1516	-103.365	20.69
1517	-99.17	19.33
1518	-99.125	19.335
1519	-99.11	19.23
1520	-99.11	19.32
1521	-100.355	25.715
1522	-99.145	19.33
1523	-100.305	25.66
1524	-100.33	41.845
1525	-103.37	20.65
1526	-103.33	20.69
1527	-99.14	19.34
1528	-99.16	19.525
1529	-103.395	20.705
1530	-99.08	19.405
1531	-99.275	19.355
1532	-99.075	41.717
1533	-99.155	19.47
1534	-99.09	19.475
1535	-99.095	19.505
1536	-100.37	41.876
1537	-99.12	19.405
1538	-100.325	25.665
1539	-103.335	20.68
1540	-99.11	19.475
1541	-100.34	25.69
1542	-100.35	25.735
1543	-100.38	25.73
1544	-103.305	20.65
1545	-99.015	19.38
1546	-103.31	20.72
1547	-100.325	41.845
1548	-99.175	19.31
1549	-100.295	25.69
1550	-100.36	25.64
1551	-99.12	19.495
1552	-100.275	25.62
1553	-99.22	19.38
1554	-99.16	19.47
1555	-99.15	19.465
1556	-98.965	19.315
1557	-100.295	25.705
1558	-99.15	19.475
1559	-103.325	20.69
1560	-99.205	19.455
1561	-103.37	20.695
1562	-100.39	25.74
1563	-99.23	19.27
1564	-99.18	19.485
1565	-103.425	20.655
1566	-99.25	19.27
1567	-99.13	19.41
1568	-99.115	19.47
1569	-99.01	41.689
1570	-99.17	19.335
1571	-100.375	25.725
1572	-103.385	20.65
1573	-99.075	19.385
1574	-99.065	19.385
1575	-103.35	20.645
1576	-99.01	19.335
1577	-99.09	19.44
1578	-100.275	25.665
1579	-99.1	19.39
1580	-100.26	25.585
1581	-99.07	19.455
1582	-99.03	41.689
1583	-100.275	25.68
1584	-100.335	25.685
1585	-100.37	25.67
1586	-99.285	19.37
1587	-100.28	25.685
1588	-100.285	25.645
1589	-99.135	19.545
1590	-99.185	19.455
1591	-100.295	25.675
1592	-99.095	19.46
1593	-103.315	20.67
1594	-99.085	19.395
1595	-99.05	19.49
1596	-103.38	20.62
1597	-99.095	19.44
1598	-99.24	19.365
1599	-99.12	19.375
1600	-99.155	19.29
1601	-103.335	20.695
1602	-99.22	19.54
1603	-99.09	19.35
1604	-103.4	20.635
1605	-100.295	25.695
1606	-99.28	19.37
1607	-99.125	19.455
1608	-103.275	20.675
1609	-103.34	20.63
1610	-99.205	19.345
1611	-100.34	25.665
1612	-103.38	20.61
1613	-99.14	19.295
1614	-100.305	25.63
1615	-99.105	19.335
1616	-100.27	25.69
1617	-99.21	19.325
1618	-100.285	25.685
1619	-99.065	19.29
1620	-103.39	20.63
1621	-98.995	19.22
1622	-100.37	25.715
1623	-99	19.275
1624	-99.015	19.355
1625	-99.145	19.475
1626	-100.355	25.72
1627	-100.37	25.695
1628	-100.28	25.67
1629	-100.36	25.69
1630	-99.16	19.475
1631	-99.205	19.37
1632	-99.065	19.45
1633	-100.325	25.735
1634	-99.13	19.285
1635	-103.37	20.63
1636	-103.39	20.625
1637	-99.115	41.778
1638	-99.175	19.36
1639	-99.12	19.43
1640	-103.39	20.635
1641	-99.145	19.275
1642	-99.025	19.36
1643	-99.04	19.335
1644	-100.325	25.695
1645	-100.275	25.605
1646	-99.24	19.355
1647	-103.355	20.715
1648	-100.265	41.845
1649	-99.145	19.54
1650	-99.145	19.49
1651	-99.115	19.32
1652	-99.135	19.505
1653	-99.2	19.385
1654	-100.305	25.665
1655	-99.16	19.515
1656	-100.365	25.825
1657	-99.225	19.345
1658	-100.34	41.845
1659	-99.035	41.717
1660	-99.22	19.29
1661	-103.38	20.635
1662	-103.39	20.66
1663	-100.26	25.68
1664	-99.115	19.315
1665	-100.35	25.725
1666	-103.3	20.635
1667	-103.385	20.715
1668	-99.125	19.27
1669	-99.04	19.39
1670	-99.02	19.35
1671	-100.275	25.615
1672	-100.35	25.715
1673	-99.205	19.445
1674	-103.325	41.84
1675	-99.085	19.48
1676	-103.3	20.665
1677	-99.275	19.38
1678	-99.225	19.29
1679	-99.185	19.55
1680	-99.245	19.305
1681	-99.215	19.39
1682	-103.3	20.675
1683	-99.305	19.35
1684	-99.125	19.275
1685	-99.04	19.37
1686	-99.065	19.53
1687	-99.045	19.28
1688	-99.07	19.475
1689	-103.325	20.65
1690	-99.235	19.38
1691	-99.19	19.425
1692	-99.135	19.275
1693	-103.295	20.72
1694	-100.395	25.775
1695	-100.345	25.715
1696	-100.305	25.71
1697	-99.12	19.425
1698	-100.265	25.61
1699	-99.125	19.445
1700	-100.3	25.65
1701	-103.41	20.685
1702	-100.335	25.65
1703	-99.12	19.42
1704	-99.235	19.37
1705	-99.125	19.25
1706	-99.08	19.245
1707	-99.11	19.355
1708	-103.37	20.69
1709	-99.055	19.255
1710	-100.255	25.605
1711	-103.34	20.695
1712	-103.28	20.655
1713	-99.21	19.48
1714	-99.13	19.52
1715	-100.225	25.545
1716	-99.15	19.47
1717	-99.14	19.35
1718	-103.355	20.705
1719	-99.295	19.385
1720	-99.215	19.485
1721	-100.28	25.665
1722	-103.36	20.62
1723	-100.255	25.68
1724	-100.3	25.66
1725	-99.115	19.29
1726	-99.24	19.325
1727	-99.13	19.445
1728	-100.275	25.63
1729	-99.03	19.345
1730	-100.28	25.66
1731	-100.29	25.685
1732	-98.96	19.37
1733	-99.245	19.325
1734	-99.22	19.335
1735	-99.05	19.35
1736	-100.265	41.815
1737	-100.335	25.72
1738	-99.12	19.28
1739	-103.435	20.655
1740	-99.305	19.355
1741	-99.225	19.54
1742	-99.135	19.48
1743	-100.37	25.755
1744	-100.38	25.785
1745	-100.43	25.78
1746	-103.33	20.685
1747	-99.25	19.35
1748	-99.03	19.375
1749	-99.175	19.475
1750	-99.14	19.205
1751	-99.16	19.31
1752	-103.305	20.67
1753	-100.405	25.78
1754	-99.195	19.38
1755	-99.095	19.51
1756	-99.195	19.37
1757	-99.22	19.375
1758	-99.125	19.525
1759	-103.4	20.64
1760	-103.43	20.66
1761	-100.28	25.62
1762	-99.25	19.45
1763	-103.375	20.62
1764	-99.07	41.778
1765	-99.215	19.335
1766	-103.315	20.705
1767	-103.365	20.625
1768	-99.09	19.245
1769	-99.18	19.42
1770	-99.225	19.46
1771	-99.255	19.365
1772	-99.3	19.365
1773	-99.065	19.42
1774	-100.355	25.74
1775	-99.1	19.48
1776	-99.095	19.41
1777	-98.935	19.21
1778	-99.11	19.34
1779	-103.29	20.71
1780	-99.165	19.455
1781	-99.23	19.315
1782	-103.295	20.675
1783	-100.2	25.525
1784	-103.295	20.645
1785	-100.3	25.71
1786	-99.22	19.475
1787	-99.17	19.52
1788	-100.37	25.72
1789	-103.29	20.665
1790	-100.285	25.64
1791	-99.065	19.47
1792	-103.325	20.67
1793	-99.145	19.285
1794	-99.135	19.37
1795	-99.29	19.355
1796	-103.355	41.84
1797	-100.37	25.745
1798	-99.11	19.24
1799	-100.335	25.725
1800	-99.105	19.39
1801	-99.13	19.36
1802	-100.4	25.775
1803	-89.185	13.725
1804	-99.015	19.35
1805	-100.26	25.58
1806	-100.27	25.705
1807	-100.31	25.63
1808	-103.345	20.655
1809	-103.275	20.665
1810	-99.07	19.41
1811	-100.315	25.73
1812	-99.24	19.425
1813	-99.255	19.405
1814	-100.345	25.75
1815	-100.325	25.645
1816	-99.18	19.545
1817	-99.05	19.37
1818	-99.1	41.748
1819	-99.23	19.435
1820	-103.31	20.67
1821	-100.38	25.775
1822	-103.33	20.65
1823	-99.005	19.29
1824	-99.005	19.355
1825	-100.275	25.705
1826	-99.235	19.54
1827	-100.375	25.755
1828	-99.155	19.48
1829	-99.06	19.32
1830	-99.25	19.305
1831	-100.36	25.745
1832	-99.11	19.385
1833	-100.32	25.705
1834	-100.375	25.765
1835	-103.35	20.69
1836	-99.015	19.29
1837	-99.11	19.49
1838	-103.31	41.81
1839	-103.32	20.705
1840	-99.09	19.445
1841	-99.22	19.355
1842	-99.085	19.315
1843	-100.28	25.615
1844	-100.935	22.165
1845	-99.14	19.495
1846	-99.235	18.85
1847	-100.335	25.665
1848	-99.135	19.485
1849	-100.29	25.635
1850	-99.1	19.475
1851	-99.25	19.395
1852	-99.16	19.24
1853	-100.195	25.74
1854	-100.385	25.74
1855	-99.025	19.335
1856	-99.205	19.22
1857	-103.355	20.615
1858	-100.275	25.585
1859	-100.365	25.75
1860	-100.36	25.775
1861	-99.145	19.27
1862	-100.27	25.64
1863	-99.095	19.39
1864	-99.125	19.46
1865	-99.095	19.375
1866	-100.18	25.735
1867	-99.01	19.36
1868	-100.4	25.78
1869	-99.12	19.505
1870	-99.22	19.27
1871	-103.405	20.65
1872	-99.11	19.36
1873	-100.375	25.705
1874	-100.315	25.65
1875	-99.055	19.425
1876	-99.175	19.34
1877	-99.13	19.465
1878	-99.1	19.465
1879	-100.33	25.695
1880	-99	19.27
1881	-100.26	25.62
1882	-99.105	19.305
1883	-103.3	20.66
1884	-103.32	20.595
1885	-99.105	19.45
1886	-99.1	19.41
1887	-99.15	19.335
1888	-100.17	25.64
1889	-103.42	20.64
1890	-99.195	19.345
1891	-103.355	20.655
1892	-99.085	19.33
1893	-99.205	19.415
1894	-99.07	19.47
1895	-99.22	19.35
1896	-99.23	19.395
1897	-99.13	19.355
1898	-99.245	19.375
1899	-100.39	25.75
1900	-99.09	19.615
1901	-99.18	19.21
1902	-99.05	19.525
1903	-100.31	25.695
1904	-103.29	20.635
1905	-103.27	20.655
1906	-99.115	19.455
1907	-99.205	19.315
1908	-100.3	25.695
1909	-103.38	20.66
1910	-103.36	41.84
1911	-103.295	20.67
1912	-100.295	25.67
1913	-99.165	19.315
1914	-99.29	19.37
1915	-99.01	19.28
1916	-99.095	19.455
1917	-100.315	25.71
1918	-99.135	19.365
1919	-99.235	19.275
1920	-100.36	25.725
1921	-99	19.24
1922	-100.29	25.655
1923	-100.26	41.845
1924	-99.19	19.46
1925	-103.335	20.665
1926	-99.085	19.38
1927	-100.31	25.71
1928	-99.115	19.375
1929	-103.35	41.84
1930	-98.98	19.33
1931	-99.165	19.48
1932	-100.34	25.71
1933	-100.4	25.72
1934	-99.225	19.365
1935	-99.035	19.37
1936	-99.09	19.48
1937	-100.295	25.635
1938	-103.285	20.685
1939	-103.305	20.66
1940	-103.26	20.66
1941	-100.275	25.685
1942	-103.37	20.71
1943	-99.09	19.43
1944	-100.265	25.59
1945	-99.075	19.295
1946	-99.115	19.49
1947	-103.335	20.545
1948	-99.045	41.717
1949	-99.195	19.335
1950	-100.3	25.645
1951	-100.275	25.635
1952	-103.31	20.64
1953	-100.365	25.735
1954	-99.205	19.495
1955	-103.355	20.68
1956	-99.285	19.375
1957	-103.365	20.575
1958	-99.29	19.365
1959	-103.395	20.67
1960	-103.345	20.625
1961	-100.435	25.765
1962	-99.015	19.285
1963	-99.075	19.315
1964	-100.345	41.845
1965	-99.15	19.315
1966	-99.275	19.41
1967	-99.105	19.46
1968	-99.16	19.485
1969	-99.04	19.315
1970	-99.11	19.265
1971	-99.08	19.305
1972	-99.185	41.717
1973	-99.065	19.31
1974	-103.425	20.63
1975	-100.36	25.685
1976	-99.29	19.385
1977	-100.335	25.74
1978	-100.37	25.725
1979	-103.24	20.62
1980	-102.735	20.88
1981	-99.09	19.495
1982	-103.305	20.655
1983	-99.19	19.485
1984	-99.05	19.33
1985	-103.73	20.835
1986	-99.18	19.47
1987	-100.98	22.15
1988	-99.13	19.48
1989	-100.32	25.735
1990	-99.055	19.295
1991	-99.06	19.325
1992	-103.295	41.84
1993	-99.105	19.36
1994	-103.29	20.655
1995	-103.285	20.66
1996	-99.23	19.285
1997	-103.365	20.635
1998	-100.29	25.66
1999	-100.35	25.755
2000	-103.34	20.665
2001	-100.33	25.72
2002	-99.065	19.38
2003	-99.3	19.38
2004	-99.02	19.505
2005	-103.36	20.66
2006	-103.27	20.665
2007	-103.33	20.705
2008	-103.375	20.65
2009	-99.07	19.405
2010	-99.18	19.305
2011	-100.34	25.645
2012	-99.17	19.27
2013	-100.41	25.745
2014	-99.095	19.43
2015	-99.125	19.285
2016	-103.325	20.635
2017	-103.33	20.645
2018	-100.24	25.58
2019	-100.325	25.72
2020	-99.06	19.47
2021	-99.135	19.255
2022	-99.16	19.61
2023	-99.075	19.41
2024	-103.305	20.715
2025	-99.03	19.335
2026	-100.365	25.765
2027	-99.04	19.52
2028	-99.11	19.395
2029	-99.04	41.717
2030	-100.345	25.735
2031	-100.305	25.655
2032	-100.3	25.68
2033	-103.29	20.695
2034	-99.145	19.515
2035	-102.365	19.97
2036	-100.35	25.74
2037	-100.165	25.65
2038	-100.3	25.75
2039	-99.085	19.42
2040	-103.36	20.625
2041	-99.215	19.49
2042	-99.155	19.32
2043	-99.08	41.778
2044	-99.115	19.435
2045	-99.26	19.37
2046	-99.135	19.52
2047	-99.215	41.717
2048	-99.03	19.35
2049	-99	19.365
2050	-103.3	20.65
2051	-108.19	30.89
2052	-103.305	20.695
2053	-99.235	19.395
2054	-99.225	19.42
2055	-103.33	20.67
2056	-103.365	20.64
2057	-103.375	20.645
2058	-99.205	19.38
2059	-99.17	19.34
2060	-100.305	25.705
2061	-99.06	19.25
2062	-103.38	20.665
2063	-100.39	25.78
2064	-100.305	25.68
2065	-103.35	20.705
2066	-99	19.22
2067	-100.375	25.72
2068	-99.2	19.425
2069	-99.065	19.475
2070	-99.21	19.45
2071	-99.215	19.48
2072	-99.04	19.33
2073	-103.45	20.475
2074	-103.52	41.84
2075	-99.115	19.39
2076	-100.29	25.77
2077	-100.21	25.735
2078	-99.235	19.335
2079	-99.09	19.36
2080	-99.155	19.315
2081	-99.025	19.385
2082	-99.21	19.225
2083	-103.38	20.645
2084	-103.285	20.68
2085	-100.185	41.815
2086	-99.205	19.45
2087	-100.3	41.845
2088	-103.36	20.65
2089	-100.175	25.655
2090	-99.14	19.53
2091	-100.395	25.755
2092	-100.3	25.685
2093	-99.085	19.26
2094	-103.415	20.665
2095	-99.12	19.37
2096	-103.29	20.64
2097	-99.145	19.525
2098	-103.34	20.65
2099	-100.29	25.69
2100	-103.285	20.67
2101	-103.315	20.635
2102	-99.13	19.265
2103	-99.195	19.48
2104	-99.235	19.375
2105	-99.23	19.29
2106	-103.325	20.63
2107	-99.085	19.46
2108	-99.23	19.34
2109	-100.36	25.695
2110	-103.33	20.72
2111	-98.165	41.778
2112	-99.115	19.355
2113	-100.38	25.685
2114	-100.37	25.675
2115	-101.68	21.125
2116	-100.265	25.68
2117	-99.245	19.355
2118	-99.105	19.365
2119	-99.07	19.415
2120	-99.03	19.34
2121	-99.205	19.405
2122	-99.125	19.45
2123	-99.23	19.36
2124	-100.335	25.68
2125	-99.105	19.34
2126	-100.35	25.72
2127	-103.315	20.71
2128	-101.66	21.15
2129	-99.035	19.375
2130	-99.105	41.748
2131	-100.355	25.735
2132	-99.25	19.37
2133	-99.26	19.305
2134	-99.185	41.778
2135	-99.02	19.355
2136	-103.365	20.74
2137	-99.055	19.455
2138	-99.25	19.38
2139	-103.265	20.655
2140	-100.225	25.715
2141	-100.365	25.705
2142	-103.375	20.715
2143	-103.39	20.62
2144	-99.145	19.315
2145	-99.045	19.395
2146	-99.095	19.325
2147	-103.305	20.665
2148	-99.1	19.425
2149	-100.225	25.575
2150	-100.27	25.57
2151	-99.07	19.495
2152	-99.065	41.748
2153	-99.15	19.33
2154	-99.105	19.27
2155	-99.03	19.33
2156	-100.36	25.74
2157	-100.215	25.73
2158	-99.125	19.39
2159	-99.07	19.32
2160	-100.37	25.68
2161	-99.2	19.225
2162	-99.25	19.325
2163	-103.425	20.615
2164	-99.16	19.235
2165	-99.09	19.49
2166	-100.385	25.78
2167	-99.19	19.49
2168	-103.415	20.69
2169	-99.295	19.37
2170	-99.095	19.36
2171	-99.08	19.485
2172	-99.06	19.39
2173	-99.17	19.505
2174	-103.335	20.755
2175	-103.375	20.72
2176	-100.355	25.75
2177	-99.135	19.575
2178	-100.365	25.73
2179	-74.155	4.63
2180	-99.265	19.31
2181	-103.29	20.67
2182	-99.065	19.48
2183	-100.37	25.685
2184	-99.065	19.445
2185	-100.32	25.655
2186	-99.135	19.315
2187	-99.255	19.44
2188	-99.135	19.46
2189	-103.38	20.725
2190	-99.255	19.315
2191	-99.105	19.235
2192	-99.08	19.355
2193	-99.235	19.32
2194	-100.355	25.67
2195	-99.27	19.45
2196	-99.3	19.36
2197	-99.01	19.285
2198	-100.4	25.725
2199	-99.16	19.265
2200	-103.3	20.645
2201	-98.995	19.27
2202	-103.31	20.56
2203	-99.07	19.35
2204	-99.075	19.455
2205	-99.065	19.33
2206	-99.155	19.52
2207	-99.275	19.365
2208	-99.195	19.54
2209	-103.305	20.675
2210	-99.21	19.27
2211	-99.06	19.34
2212	-99.025	19.195
2213	-99.175	19.46
2214	-99.085	41.778
2215	-99.175	19.275
2216	-99.145	41.689
2217	-103.33	20.635
2218	-100.37	25.69
2219	-103.325	20.68
2220	-99.205	19.515
2221	-100.255	25.72
2222	-99.21	19.31
2223	-100.205	25.71
2224	-99.1	19.26
2225	-99.15	41.689
2226	-103.355	20.635
2227	-98.99	19.34
2228	-100.34	25.68
2229	-99.025	19.34
2230	-99.04	19.48
2231	-99.015	19.495
2232	-100.325	25.715
2233	-100.26	25.61
2234	-100.22	25.65
2235	-99.97	26.67
2236	-99.21	19.465
2237	-99.1	19.395
2238	-100.36	41.845
2239	-103.395	20.65
2240	-99.245	19.34
2241	-100.24	25.57
2242	-100.295	25.685
2243	-99.185	19.425
2244	-99.055	19.43
2245	-103.305	41.84
2246	-100.32	25.695
2247	-100.375	25.675
2248	-99.045	19.205
2249	-99.16	19.46
2250	-99.2	19.325
2251	-99.15	19.375
2252	-99.075	19.25
2253	-100.05	25.785
2254	-99.18	19.285
2255	-100.365	25.755
2256	-99.07	19.425
2257	-103.33	20.655
2258	-99.28	19.34
2259	-99.075	19.405
2260	-100.27	25.74
2261	-100.385	25.725
2262	-99.19	19.28
2263	-100.375	25.79
2264	-99.05	19.29
2265	-99.225	19.32
2266	-99.23	19.37
2267	-103.27	20.635
2268	-99.015	19.375
2269	-100.35	25.73
2270	-99.025	41.717
2271	-99.11	19.245
2272	-99.245	19.315
2273	-99.05	19.325
2274	-100.38	25.72
2275	-99.24	19.27
2276	-99.23	19.375
2277	-99.07	19.485
2278	-99.215	19.52
2279	-99.095	19.465
2280	-99.025	19.39
2281	-99.01	19.26
2282	-99.205	19.395
2283	-99.1	19.505
2284	-99.095	19.335
2285	-103.27	20.685
2286	-99.15	19.515
2287	-99.13	19.37
2288	-99.18	19.275
2289	-100.32	25.73
2290	-99.09	19.325
2291	-99.075	41.778
2292	-99.035	19.385
2293	-99.095	19.47
2294	-99.175	19.33
2295	-99.065	19.415
2296	-99.025	19.295
2297	-100.23	25.685
2298	-99.215	19.275
2299	-103.245	20.67
2300	-99.135	19.57
2301	-100.355	25.76
2302	-100.33	25.725
2303	-99.26	19.325
2304	-99.205	41.717
2305	-100.375	25.73
2306	-99.095	19.235
2307	-100.385	25.655
2308	-99.095	19.48
2309	-100.29	25.665
2310	-98.995	19.335
2311	-99.08	19.37
2312	-99.105	19.35
2313	-104.12	41.66
2314	-100.395	25.74
2315	-103.34	41.84
2316	-99.225	19.285
2317	-103.345	20.685
2318	-103.32	20.64
2319	-99.06	19.455
2320	-100.395	25.72
2321	-100.34	25.695
2322	-99.145	19.455
2323	-99.06	19.355
2324	-103.325	20.715
2325	-99.235	19.385
2326	-100.265	25.69
2327	-100.32	25.725
2328	-99.19	19.45
2329	-99.075	19.38
2330	-99.13	19.365
2331	-103.295	20.705
2332	-99.215	19.475
2333	-99.23	19.385
2334	-99.205	19.385
2335	-100.24	25.78
2336	-99.2	19.51
2337	-99.11	19.345
2338	-99.215	19.465
2339	-100.37	25.78
2340	-100.61	25.705
2341	-99.15	19.325
2342	-99.19	19.235
2343	-100.355	41.845
2344	-99.075	19.415
2345	-99.185	19.285
2346	-99.185	19.345
2347	-99.16	19.505
2348	-103.34	20.61
2349	-103.385	20.72
2350	-103.365	20.71
2351	-99.065	19.425
2352	-99.175	19.245
2353	-99.19	19.285
2354	-100.245	25.585
2355	-99.15	19.31
2356	-98.88	19.415
2357	-99.055	19.475
2358	-100.27	25.59
2359	-99.12	19.325
2360	-99.03	41.717
2361	-99.115	19.26
2362	-103.335	20.595
2363	-99.16	19.34
2364	-99.09	19.32
2365	-103.34	20.71
2366	-103.29	20.66
2367	-99.1	19.385
2368	-100.24	25.575
2369	-103.33	20.66
2370	-99.135	19.51
2371	-103.385	20.64
2372	-103.4	20.71
2373	-99.23	19.51
2374	-99.195	19.41
2375	-99.105	19.44
2376	-100.235	25.565
2377	-103.35	20.735
2378	-99.28	19.395
2379	-99.07	19.25
2380	-99.215	19.375
2381	-100.355	25.755
2382	-99.08	19.325
2383	-99.05	19.34
2384	-99.09	19.365
2385	-99.14	19.305
2386	-99.305	19.345
2387	-99.22	19.545
2388	-100.385	25.755
2389	-99.135	19.26
2390	-99.215	19.36
2391	-103.295	20.64
2392	-99.22	19.28
2393	-103.315	20.68
2394	-100.335	25.73
2395	-99.11	19.41
2396	-99.065	19.255
2397	-100.33	25.74
2398	-99.145	19.26
2399	-100.325	25.725
2400	-103.28	20.685
2401	-99.265	19.39
2402	-99.18	19.48
2403	-99.25	19.425
2404	-99.035	19.34
2405	-99.045	19.33
2406	-99.14	19.52
2407	-103.34	20.625
2408	-99.2	19.37
2409	-103.33	20.73
2410	-100.365	25.635
2411	-99.225	19.295
2412	-100.365	25.69
2413	-99.06	19.45
2414	-99.06	19.345
2415	-99.065	19.365
2416	-99.255	19.305
2417	-100.275	25.575
2418	-99.05	41.689
2419	-99.025	19.38
2420	-99.02	19.365
2421	-99.05	19.205
2422	-100.34	25.735
2423	-99.065	19.36
2424	-99.1	19.455
2425	-99.125	19.21
2426	-99.165	19.32
2427	-103.42	20.625
2428	-99.16	19.27
2429	-99.21	19.495
2430	-103.42	20.665
2431	-100.365	25.695
2432	-98.94	19.265
2433	-100.255	25.725
2434	-100.205	25.54
2435	-99.235	19.355
2436	-99.195	19.475
2437	-103.295	20.71
2438	-100.23	25.66
2439	-103.245	20.625
2440	-99.34	41.901
2441	-100.385	25.75
2442	-103.34	20.55
2443	-99.1	19.29
2444	-100.31	25.655
2445	-99.015	19.255
2446	-99.055	19.525
2447	-99.23	19.345
2448	-99.1	19.36
2449	-99.04	19.325
2450	-99.07	19.36
2451	-99.295	19.395
2452	-100.285	25.695
2453	-99.26	19.315
2454	-99.2	19.215
2455	-100.385	25.765
2456	-99.01	19.365
2457	-99.105	19.25
2458	-99.11	41.748
2459	-100.37	25.73
2460	-99.055	19.37
2461	-99.21	19.46
2462	-103.4	20.655
2463	-99.07	19.48
2464	-100.41	25.785
2465	-99.11	19.44
2466	-100.335	25.635
2467	-99.005	19.275
2468	-99.09	19.505
2469	-103.39	20.715
2470	-100.39	25.77
2471	-103.415	20.73
2472	-103.335	20.715
2473	-99.075	19.445
2474	-116.985	32.505
2475	-99.035	19.365
2476	-101.03	25.43
2477	-100.375	25.75
2478	-103.355	20.645
2479	-103.31	20.68
2480	-99.235	19.325
2481	-103.315	20.715
2482	-100.27	25.645
2483	-99.065	19.355
2484	-99.105	19.345
2485	-99.36	25.76
2486	-99.29	19.375
2487	-99.025	19.345
2488	-99.16	19.335
2489	-103.355	20.62
2490	-99.115	19.485
2491	-103.335	20.635
2492	-100.985	41.965
2493	-99.23	19.295
2494	-103.39	20.705
2495	-99.12	19.27
2496	-99.165	19.19
2497	-100.33	25.69
2498	-100.1	25.65
2499	-99.125	19.385
2500	-99.25	19.33
2501	-103.325	20.72
2502	-99.115	19.28
2503	-99.215	19.385
2504	-103.29	20.65
2505	-99.06	19.43
2506	-99.255	19.33
2507	-103.35	20.65
2508	-99.07	19.305
2509	-99.055	19.365
2510	-103.42	20.645
2511	-99.1	19.33
2512	-99.235	19.34
2513	-100.245	25.565
2514	-100.32	41.845
2515	-103.425	20.67
2516	-99.13	19.345
2517	-100.255	25.67
2518	-100.25	25.59
2519	-99.04	19.465
2520	-98.99	19.35
2521	-99.175	19.505
2522	-99.16	19.28
2523	-116.95	32.53
2524	-99.085	19.245
2525	-99.215	19.28
2526	-100.165	25.67
2527	-99.065	19.325
2528	-99.04	19.485
2529	-100.13	19.195
2530	-99.285	19.35
2531	-99.215	19.34
2532	-99.065	19.455
2533	-103.365	20.66
2534	-100.36	25.76
2535	-100.13	26.065
2536	-99.045	19.35
2537	-99.025	19.49
2538	-99.08	19.395
2539	-100.245	25.73
2540	-99.25	41.778
2541	-99.23	19.52
2542	-103.455	20.705
2543	-100.275	25.57
2544	-99.15	19.53
2545	-103.415	20.63
2546	-100.28	25.645
2547	-99.215	19.215
2548	-99.275	19.445
2549	-99.24	19.285
2550	-103.385	20.635
2551	-100.26	25.72
2552	-99.25	19.31
2553	-99.07	19.42
2554	-103.28	20.645
2555	-99.005	19.28
2556	-99.065	19.32
2557	-100.275	25.61
2558	-99.01	19.25
2559	-103.425	20.665
2560	-103.34	20.75
2561	-99.1	19.255
2562	-99.06	19.285
2563	-99.225	19.38
2564	-99.245	19.345
2565	-99.235	19.35
2566	-99.17	19.53
2567	-99.155	19.465
2568	-99.07	19.185
2569	-100.41	25.74
2570	-99.195	41.809
2571	-101.355	20.685
2572	-103.345	20.72
2573	-100.415	25.785
2574	-100.33	25.705
2575	-99.255	19.505
2576	-99.17	19.32
2577	-99.065	19.35
2578	-99.205	19.485
2579	-99.195	41.748
2580	-100.385	25.735
2581	-100.395	25.77
2582	-103.37	20.705
2583	-99.085	41.717
2584	-99.17	19.555
2585	-99.16	19.285
2586	-99.07	19.38
2587	-99.145	19.41
2588	-99.27	19.335
2589	-99.12	19.235
2590	-99.01	19.375
2591	-99.045	19.32
2592	-99.2	19.32
2593	-99.03	19.415
2594	-98.99	19.165
2595	-100.295	25.64
2596	-99.21	19.38
2597	-99.075	19.355
2598	-103.345	41.84
2599	-99.09	19.315
2600	-99.235	19.31
2601	-103.43	20.735
2602	-99.135	19.305
2603	-99.08	41.748
2604	-98.905	19.415
2605	-103.345	20.645
2606	-103.295	20.615
2607	-99.13	19.255
2608	-99.13	19.27
2609	-99.205	19.33
2610	-100.245	25.69
2611	-99.005	19.36
2612	-99.14	19.275
2613	-103.36	20.69
2614	-100.27	25.635
2615	-99.03	19.295
2616	-103.425	20.61
2617	-99.095	19.485
2618	-103.35	20.615
2619	-100.3	25.625
2620	-103.33	20.63
2621	-99.115	19.235
2622	-99.23	19.46
2623	-103.305	20.68
2624	-99.15	19.29
2625	-103.35	20.59
2626	-100.31	25.745
2627	-99.1	19.245
2628	-99.09	19.33
2629	-100.31	25.645
2630	-99.21	19.265
2631	-99.23	41.748
2632	-100.41	25.77
2633	-103.355	20.73
2634	-99.16	19.325
2635	-101.035	22.13
2636	-99.025	19.35
2637	-103.3	20.625
2638	-99.22	19.48
2639	-99.07	19.315
2640	-99.185	19.505
2641	-99	19.37
2642	-99.145	19.355
2643	-100.24	25.72
2644	-99.055	41.717
2645	-103.36	20.575
2646	-103.34	20.615
2647	-99.05	19.385
2648	-99.155	19.23
2649	-98.99	19.345
2650	-99.065	19.345
2651	-99.165	19.275
2652	-99.17	19.455
2653	-99.03	19.32
2654	-101.67	21.17
2655	-100.335	25.69
2656	-99.075	19.19
2657	-99	19.245
2658	-103.295	20.66
2659	-99.165	19.51
2660	-99.095	19.535
2661	-99.04	19.375
2662	-99.06	19.35
2663	-103.34	20.69
2664	-99.095	19.195
2665	-99.06	19.29
2666	-100.29	25.695
2667	-101.665	41.994
2668	-99.135	19.54
2669	-103.365	20.62
2670	-99.215	19.29
2671	-99.23	19.28
2672	-99	19.21
2673	-99.2	19.46
2674	-100.365	25.745
2675	-100.35	25.71
2676	-99.17	19.59
2677	-103.365	20.655
2678	-99.225	19.43
2679	-103.53	41.718
2680	-104.265	21.035
2681	-99.175	19.255
2682	-99.22	19.47
2683	-99.08	19.185
2684	-107.095	24.45
2685	-103.415	20.72
2686	-100.405	25.725
2687	-98.995	19.345
2688	-99.14	19.56
2689	-101.665	21.125
2690	-99.12	19.31
2691	-99.06	19.335
2692	-99.105	19.315
2693	-98.96	19.325
2694	-99.055	19.39
2695	-99.075	19.485
2696	-99.04	19.36
2697	-103.37	20.605
2698	-99.295	19.33
2699	-99.11	19.325
2700	-99.165	19.235
2701	-99.02	19.345
2702	-99.21	19.645
2703	-99.125	19.32
2704	-99.165	41.778
2705	-99.075	19.48
2706	-99.255	19.345
2707	-100.38	25.79
2708	-99.1	19.46
2709	-99.05	19.345
2710	-99.095	19.435
2711	-99.09	19.38
2712	-99.01	19.35
2713	-96.125	19.165
2714	-99.06	19.36
2715	-103.355	20.625
2716	-99.12	19.285
2717	-99	19.29
2718	-99.075	19.255
2719	-100.36	25.655
2720	-103.29	20.705
2721	-100.34	25.745
2722	-100.225	25.705
2723	-99.105	19.535
2724	-99.16	19.315
2725	-99.2	19.33
2726	-100.24	25.67
2727	-99.1	19.345
2728	-100.4	25.76
2729	-99.305	19.36
2730	-99.11	19.405
2731	-103.335	20.705
2732	-99.07	19.37
2733	-99.125	19.63
2734	-100.305	25.73
2735	-99.185	19.495
2736	-103.425	20.645
2737	-100.31	25.755
2738	-99.165	19.26
2739	-99.25	19.355
2740	-99.005	41.689
2741	-99.175	19.45
2742	-103.295	20.68
2743	-99.09	19.485
2744	-99.135	19.525
2745	-99.015	19.345
2746	-99.045	19.31
2747	-100.3	25.755
2748	-103.31	20.635
2749	-99.045	19.38
2750	-99.095	19.24
2751	-103.31	20.73
2752	-99.125	19.26
2753	-99.015	19.335
2754	-99.21	41.778
2755	-99.24	19.41
2756	-99	19.295
2757	-103.29	20.675
2758	-99.165	19.33
2759	-99.195	19.275
2760	-99.03	19.38
2761	-99.19	19.495
2762	-100.195	25.685
2763	-99.055	19.33
2764	-103.405	20.705
2765	-99.055	41.778
2766	-103.25	20.625
2767	-103.35	20.64
2768	-103.46	20.645
2769	-99.07	19.325
2770	-99.245	19.35
2771	-99.095	19.315
2772	-100.36	25.755
2773	-99.075	19.45
2774	-103.27	20.645
2775	-99.015	19.36
2776	-99.21	19.415
2777	-99.235	19.535
2778	-98.985	19.395
2779	-99.04	19.305
2780	-99.235	41.778
2781	-99.115	19.495
2782	-99.135	19.45
2783	-99.02	19.19
2784	-100.28	25.675
2785	-99.1	41.717
2786	-99.23	19.515
2787	-103.41	20.715
2788	-103.32	20.69
2789	-103.42	20.66
2790	-100.26	25.67
2791	-99.24	19.42
2792	-100.255	25.58
2793	-97.845	22.245
2794	-99.115	19.385
2795	-99.075	19.35
2796	-99.175	19.56
2797	-99.195	19.39
2798	-99.03	19.355
2799	-103.32	20.665
2800	-100.295	25.665
2801	-99.15	19.27
2802	-99.245	19.265
2803	-99.21	19.215
2804	-99.185	19.51
2805	-99.1	19.365
2806	-100.385	25.66
2807	-99.235	19.46
2808	-100.315	41.845
2809	-99.27	19.33
2810	-100.185	25.72
2811	-99.075	19.345
2812	-99.21	19.445
2813	-99.105	19.225
2814	-99.195	19.51
2815	-103.355	20.575
2816	-103.36	20.715
2817	-99.075	19.33
2818	-99.06	19.425
2819	-99.15	19.28
2820	-99.05	19.39
2821	-103.385	20.615
2822	-99.325	19.33
2823	-103.42	20.72
2824	-99.11	19.46
2825	-98.995	19.34
2826	-99.255	19.32
2827	-99.055	19.505
2828	-99.6	19.255
2829	-99.19	19.295
2830	-99.225	19.27
2831	-99.085	19.335
2832	-116.89	32.5
2833	-103.305	20.71
2834	-99.1	19.265
2835	-99.13	19.31
2836	-99.14	19.385
2837	-99.09	19.355
2838	-99.115	19.36
2839	-99.22	19.345
2840	-99.285	19.335
2841	-99.065	19.46
2842	-99.28	19.345
2843	-99.195	19.505
2844	-103.3	20.71
2845	-100.245	41.845
2846	-103.335	20.62
2847	-99.18	19.255
2848	-99.27	19.305
2849	-100.39	25.715
2850	-103.375	20.655
2851	-100.295	25.62
2852	-100.335	25.735
2853	-99.255	19.355
2854	-100.335	25.705
2855	-100.275	25.695
2856	-99.09	41.748
2857	-99.23	19.54
2858	-99.23	41.717
2859	-99.11	19.285
2860	-99.125	19.34
2861	-99.3	19.345
2862	-100.195	25.71
2863	-98.995	19.285
2864	-99.035	19.175
2865	-99.005	19.255
2866	-99.16	19.53
2867	-99.225	41.717
2868	-99.23	19.535
2869	-103.345	20.61
2870	-99.215	19.32
2871	-103.32	20.695
2872	-99.19	19.415
2873	-96.735	41.837
2874	-99.005	19.365
2875	-99.235	19.555
2876	-99.11	19.335
2877	-98.995	19.18
2878	-99.31	19.395
2879	-99.275	19.37
2880	-99.205	19.225
2881	-99.22	19.56
2882	-103.31	20.655
2883	-100.395	25.76
2884	-103.405	20.69
2885	-99.175	19.525
2886	-99.095	19.365
2887	-99.205	19.325
2888	-100.265	25.615
2889	-99.065	19.49
2890	-99	19.34
2891	-98.995	19.24
2892	-99.21	19.385
2893	-103.315	20.72
2894	-99.13	19.26
2895	-99.155	19.485
2896	-99.065	19.39
2897	-99.32	19.355
2898	-103.415	20.695
2899	-99.195	19.42
2900	-100.235	25.55
2901	-103.4	20.74
2902	-101.335	20.65
2903	-100.29	25.67
2904	-99.23	19.325
2905	-99.055	19.36
2906	-99.135	19.355
2907	-100.235	25.57
2908	-99.25	19.47
2909	-99.08	19.49
2910	-99.24	19.31
2911	-99.175	19.27
2912	-103.37	20.635
2913	-100.325	25.74
2914	-99.08	19.48
2915	-103.37	20.75
2916	-99.12	19.25
2917	-103.405	20.71
2918	-99.065	19.335
2919	-99.215	19.525
2920	-99.02	19.415
2921	-99.17	19.545
2922	-99.245	19.54
2923	-99.165	19.505
2924	-99.055	19.325
2925	-99.195	19.45
2926	-99.075	19.36
2927	-99.265	19.335
2928	-103.42	20.74
2929	-99.22	19.365
2930	-99.11	19.255
2931	-100.365	25.67
2932	-99.155	19.49
2933	-99.215	19.31
2934	-99.22	19.37
2935	-116.915	32.51
2936	-100.255	25.745
2937	-103.395	20.645
2938	-100.33	25.715
2939	-99.08	41.717
2940	-99.05	19.305
2941	-99.33	19.33
2942	-99.245	19.36
2943	-99.24	19.28
2944	-98.995	19.245
2945	-99.225	19.405
2946	-103.325	20.565
2947	-99.09	41.778
2948	-99.095	19.33
2949	-99.125	19.52
2950	-99.335	19.31
2951	-103.375	20.625
2952	-99.02	19.29
2953	-99.205	19.285
2954	-100.37	25.655
2955	-99.01	19.27
2956	-100.4	25.66
2957	-99.285	19.33
2958	-100.365	25.775
2959	-99.04	19.585
2960	-99.105	19.51
2961	-99.13	19.325
2962	-99.02	19.245
2963	-99.215	19.345
2964	-100.27	25.67
2965	-99.025	19.19
2966	-99.195	19.325
2967	-99.205	19.32
2968	-99.07	19.385
2969	-100.375	25.695
2970	-99.245	19.33
2971	-99.13	19.57
2972	-103.42	20.655
2973	-103.35	20.73
2974	-99.23	19.44
2975	-103.365	20.715
2976	-99.075	19.475
2977	-103.35	20.625
2978	-100.3	25.64
2979	-99.265	19.525
2980	-100.4	25.755
2981	-103.37	41.81
2982	-99.055	19.31
2983	-102.055	19.395
2984	-99.1	19.45
2985	-100.37	25.735
2986	-99.165	19.475
2987	-99.08	19.315
2988	-103.4	20.67
2989	-99.07	19.335
2990	-99.24	19.475
2991	-103.385	20.625
2992	-99.045	19.37
2993	-99.195	19.525
2994	-100.315	25.79
2995	-100.255	25.705
2996	-104.655	24.005
2997	-3.155	40.63
2998	-100.38	25.69
2999	-99.21	19.405
3000	-99.08	19.47
3001	-100.38	25.64
3002	-102.515	22.76
3003	-99.015	19.26
3004	-100.3	25.63
3005	-100.375	25.74
3006	-103.305	20.615
3007	-99.165	19.31
3008	-100.34	25.65
3009	-100.975	22.155
3010	-99.09	19.455
3011	-103.31	20.695
3012	-99.08	19.345
3013	-103.3	20.705
3014	-98.98	19.34
3015	-103.37	20.615
3016	-99.265	19.325
3017	-100.205	25.725
3018	-99.225	19.515
3019	-98.98	19.35
3020	-99.26	41.717
3021	-99.215	19.315
3022	-116.965	32.495
3023	-99.105	19.475
3024	-99.195	19.56
3025	-99.075	19.375
3026	-99.22	19.52
3027	-99.14	19.485
3028	-100.355	25.71
3029	-99.23	19.43
3030	-103.36	20.635
3031	-99.195	19.515
3032	-96.13	19.165
3033	-100.31	25.715
3034	-103.375	20.71
3035	-99.09	19.335
3036	-99.205	19.58
3037	-103.41	20.64
3038	-99.27	41.748
3039	-98.97	19.33
3040	-99.26	19.34
3041	-103.295	20.715
3042	-100.395	25.675
3043	-103.33	20.71
3044	-99.1	19.325
3045	-99.225	18.94
3046	-99.12	19.225
3047	-99.1	19.34
3048	-100.24	25.655
3049	-99.29	19.335
3050	-100.275	25.67
3051	-99.19	41.778
3052	-99.05	41.809
3053	-99.11	19.27
3054	-99.21	19.52
3055	-103.29	41.81
3056	-99.245	41.717
3057	-99.05	19.335
3058	-99.015	19.395
3059	-100.38	25.745
3060	-102.63	22.86
3061	-115.435	32.645
3062	-99.15	19.285
3063	-99.075	19.52
3064	-98.985	19.765
3065	-98.97	19.715
3066	-99.165	19.485
3067	-100.27	25.66
3068	-99.145	41.778
3069	-106.45	31.73
3070	-103.39	20.59
3071	-99.19	19.335
3072	-99.015	41.717
3073	-99.085	19.425
3074	-99.2	19.315
3075	-99.1	19.535
3076	-99.085	19.325
3077	-99.14	19.355
3078	-99.31	19.345
3079	-99.175	19.265
3080	-103.35	20.72
3081	-99.13	19.56
3082	-99.095	19.25
3083	-99.22	41.717
3084	-99.075	19.465
3085	-103.35	20.605
3086	-99.055	19.335
3087	-99.13	19.565
3088	-99.02	19.33
3089	-100.215	25.545
3090	-99.02	19.37
3091	-103.355	20.72
3092	-103.37	20.715
3093	-99.15	19.52
3094	-99.26	19.31
3095	-99.04	19.255
3096	-103.355	20.69
3097	-99.21	19.505
3098	-99.235	19.29
3099	-100.29	25.585
3100	-99.22	19.325
3101	-99.02	41.689
3102	-99.23	19.265
3103	-99.06	19.365
3104	-114.775	32.48
3105	-103.325	20.595
3106	-100.38	25.765
3107	-100.295	25.71
3108	-100.235	25.575
3109	-100.23	25.57
3110	-103.265	20.69
3111	-99.035	19.38
3112	-99.1	19.335
3113	-99.05	19.255
3114	-99.09	19.26
3115	-99.29	19.35
3116	-101.015	25.45
3117	-99	19.265
3118	-99.195	19.545
3119	-99.15	19.45
3120	-100.255	41.967
3121	-99	19.285
3122	-100.365	25.66
3123	-99.15	19.55
3124	-103.26	20.63
3125	-98.945	19.33
3126	-99.095	19.265
3127	-99.23	19.42
3128	-99.12	19.26
3129	-99.035	19.25
3130	-99.235	19.295
3131	-99.04	19.31
3132	-100.38	25.66
3133	-99.1	19.445
3134	-99	19.35
3135	-99.1	19.215
3136	-103.335	20.645
3137	-103.31	20.715
3138	-100.36	25.65
3139	-100.36	25.705
3140	-100.355	25.705
3141	-102.745	20.83
3142	-99.035	19.515
3143	-100.165	25.685
3144	-99.23	19.275
3145	-99.035	19.26
3146	-99.205	19.475
3147	-99.215	19.41
3148	-100.355	25.725
3149	-103.415	20.71
3150	-100.415	25.775
3151	-103.395	20.63
3152	-100.24	25.745
3153	-100.245	25.705
3154	-103.315	20.74
3155	-103.32	20.685
3156	-99.205	19.35
3157	-103.53	19.92
3158	-100.365	25.615
3159	-99.285	19.355
3160	-99.13	19.525
3161	-100.29	25.745
3162	-99.17	19.475
3163	-99.28	19.45
3164	-99.055	19.415
3165	-99.12	19.34
3166	-100.33	25.665
3167	-100.22	25.66
3168	-103.32	20.735
3169	-103.405	20.74
3170	-99.055	19.25
3171	-103.3	41.84
3172	-103.325	20.64
3173	-103.35	20.635
3174	-98.975	19.685
3175	-103.315	20.735
3176	-99.24	19.275
3177	-99.2	19.22
3178	-99.105	19.505
3179	-99.045	19.305
3180	-100.23	25.555
3181	-100.295	25.755
3182	-99.04	19.385
3183	-99.105	19.445
3184	-103.33	41.81
3185	-99.02	19.26
3186	-99.065	19.28
3187	-99.225	19.41
3188	-100.265	25.75
3189	-100.25	25.685
3190	-100.305	25.715
3191	-99.055	19.35
3192	-99.105	19.245
3193	-99.055	41.748
3194	-100.385	25.65
3195	-101.65	21.105
3196	-99.18	19.49
3197	-99.285	19.38
3198	-103.285	20.675
3199	-99.145	19.53
3200	-99.305	19.365
3201	-103.27	20.625
3202	-99.255	41.748
3203	-99.215	19.38
3204	-103.225	20.665
3205	-99.32	19.325
3206	-99.155	19.51
3207	-103.305	20.64
3208	-99.23	19.525
3209	-99.06	41.717
3210	-103.335	20.725
3211	-103.46	20.675
3212	-99.22	19.295
3213	-98.995	19.175
3214	-99.21	19.47
3215	-99.225	19.64
3216	-100.38	25.655
3217	-100.265	25.745
3218	-100.17	25.68
3219	-103.31	20.705
3220	-100.25	25.585
3221	-100.22	25.78
3222	-99.1	19.485
3223	-99.21	19.275
3224	-99.24	19.375
3225	-102.995	22.665
3226	-99.165	19.605
3227	-99.075	19.47
3228	-99.235	19.405
3229	-99.255	19.325
3230	-99.18	19.27
3231	-99.03	19.39
3232	-99.105	19.33
3233	-99.205	19.265
3234	-103.02	19.915
3235	-100.36	25.765
3236	-100.38	41.845
3237	-103.425	20.66
3238	-99.1	41.689
3239	-109.93	41.786
3240	-98.975	19.33
3241	-99.025	19.37
3242	-98.99	19.235
3243	-99.19	19.31
3244	-99.82	20.695
3245	-103.425	20.62
3246	-100.95	22.15
3247	-99.165	19.68
3248	-99.195	19.28
3249	-99.03	19.17
3250	-100.385	25.775
3251	-100.365	25.655
3252	-99.07	19.45
3253	-100.265	25.685
3254	-100.42	20.535
3255	-100.225	25.57
3256	-103.45	20.61
3257	-99.01	19.355
3258	-99.01	19.19
3259	-100.16	25.415
3260	-100.285	25.75
3261	-99.09	19.235
3262	-100.21	25.525
3263	-99.055	19.53
3264	-100.22	25.565
3265	-100.345	25.745
3266	-98.95	19.225
3267	-99.155	19.525
3268	-99.05	19.25
3269	-103.305	20.725
3270	-99.18	19.265
3271	-99.03	19.385
3272	-100.245	25.68
3273	-99.02	19.195
3274	-99.05	19.21
3275	-99.145	19.535
3276	-103.395	20.715
3277	-99.24	19.485
3278	-103.37	20.61
3279	-99.055	19.41
3280	-99.07	19.345
3281	-99.13	19.55
3282	-99.03	19.175
3283	-103.31	20.74
3284	-99.25	18.745
3285	-99.075	19.245
3286	-99.2	19.49
3287	-103.325	20.665
3288	-103.445	20.66
3289	-100.415	25.675
3290	-99.24	19.455
3291	-100.385	25.785
3292	-100.275	25.655
3293	-99.03	19.195
3294	-99.2	19.285
3295	-100.15	25.755
3296	-103.36	20.72
3297	-99.25	19.315
3298	-100.27	25.71
3299	-103.32	20.71
3300	-103.385	20.63
3301	-102.73	20.045
3302	-99.13	41.689
3303	-100.28	25.59
3304	-99.235	19.415
3305	-99.11	19.28
3306	-99.26	41.809
3307	-99.225	19.305
3308	-100.315	25.74
3309	-99.06	19.495
3310	-103.31	41.84
3311	-100.255	25.71
3312	-99.18	19.24
3313	-100.45	20.545
3314	-100.19	25.78
3315	-99.265	19.34
3316	-99.02	41.717
3317	-99.085	19.49
3318	-103.31	20.625
3319	-99.235	19.51
3320	-103.37	20.645
3321	-99.08	19.255
3322	-98.97	19.31
3323	-99.055	19.46
3324	-100.345	25.655
3325	-99.14	19.245
3326	-99.325	19.325
3327	-99.195	19.215
3328	-99.04	19.32
3329	-103.365	20.63
3330	-99.215	19.27
3331	-100.37	25.74
3332	-99.055	19.45
3333	-99.07	19.34
3334	-100.175	25.735
3335	-99.1	19.53
3336	-99.21	19.35
3337	-99.085	41.748
3338	-99.05	19.31
3339	-103.34	20.72
3340	-99.24	19.29
3341	-100.215	25.665
3342	-99.085	19.35
3343	-103.42	20.685
3344	-99.175	19.32
3345	-98.995	19.225
3346	-99.245	19.51
3347	-99.035	19.17
3348	-99.035	19.36
3349	-99.21	19.285
3350	-99.05	19.195
3351	-99.315	19.345
3352	-99.055	19.285
3353	-103.335	41.81
3354	-100.33	25.655
3355	-103.335	20.64
3356	-99.055	19.305
3357	-103.26	20.67
3358	-103.33	20.61
3359	-99.285	19.325
3360	-100.275	25.78
3361	-103.28	20.68
3362	-101.67	41.994
3363	-99.175	19.495
3364	-103.85	20.685
3365	-99.205	19.47
3366	-100.36	25.66
3367	-97.435	20.535
3368	-99.02	19.335
3369	-99.12	19.54
3370	-103.295	20.635
3371	-100.235	25.72
3372	-103.27	20.66
3373	-99.06	19.375
3374	-102.85	23.175
3375	-107.05	41.663
3376	-105.21	20.655
3377	-98.995	19.355
3378	-99.035	41.689
3379	-98.95	19.375
3380	-99.215	19.415
3381	-99.01	19.37
3382	-99.075	19.425
3383	-100.24	25.565
3384	-99.19	41.809
3385	-103.345	20.65
3386	-100.36	25.73
3387	-100.305	25.755
3388	-103.445	20.65
3389	-100.37	25.77
3390	-99.075	19.365
3391	-99.04	19.53
3392	-99.025	19.395
3393	-99.04	19.51
3394	-99.08	19.365
3395	-99.155	19.535
3396	-103.375	20.66
3397	-100.205	25.695
3398	-99.055	19.495
3399	-99.02	19.395
3400	-99.26	19.335
3401	-103.225	20.67
3402	-99.05	19.355
3403	-100.305	25.65
3404	-103.36	20.755
3405	-100.24	25.56
3406	-99.1	19.375
3407	-99.035	19.33
3408	-101.68	41.994
3409	-100.245	25.795
3410	-99.16	19.535
3411	-99.29	19.33
3412	-103.34	20.735
3413	-100.33	25.73
3414	-99.245	19.38
3415	-99.015	41.689
3416	-103.355	20.64
3417	-99.045	19.325
3418	-100.31	25.725
3419	-103.395	41.84
3420	-99.26	19.445
3421	-99.115	19.635
3422	-100.39	25.785
3423	-99.035	19.305
3424	-99.08	19.33
3425	-98.975	19.22
3426	-98.955	19.225
3427	-100.25	25.705
3428	-100.32	25.645
3429	-99.185	19.33
3430	-99.155	19.235
3431	-103.38	20.625
3432	-99.065	19.43
3433	-103.455	20.64
3434	-100.32	25.71
3435	-103.32	20.725
3436	-100.34	25.655
3437	-103.34	20.725
3438	-103.3	20.685
3439	-99.005	19.265
3440	-99.25	19.405
3441	-99.15	19.56
3442	-99.1	19.32
3443	-99.1	19.315
3444	-99.235	19.52
3445	-100.21	25.705
3446	-99.37	17.95
3447	-99.015	19.365
3448	-99.105	19.24
3449	-100.01	25.265
3450	-103.385	20.73
3451	-99.22	19.305
3452	-99.145	19.555
3453	-100.255	25.715
3454	-99.245	19.37
3455	-99.085	19.365
3456	-99.035	19.28
3457	-104.57	19.24
3458	-99.035	19.29
3459	-99.095	19.34
3460	-103.285	20.605
3461	-116.195	32.49
3462	-100.315	25.655
3463	-103.36	20.63
3464	-99.265	19.38
3465	-98.97	19.325
3466	-100.23	25.56
3467	-99.24	19.51
3468	-99.07	19.255
3469	-103.325	20.62
3470	-99.175	19.52
3471	-99.225	19.375
3472	-103.325	20.73
3473	-100.385	25.77
3474	-100.405	25.775
3475	-99.155	19.245
3476	-99.245	19.47
3477	-84.08	9.955
3478	-99.155	19.555
3479	-103.295	20.655
3480	-99.08	19.45
3481	-103.45	20.765
3482	-99.2	19.31
3483	-100.2	41.876
3484	-99.205	19.28
3485	-99.115	19.275
3486	-99.145	19.55
3487	-99.07	19.535
3488	-103.375	20.635
3489	-98.965	19.31
3490	-103.28	20.695
3491	-100.225	25.685
3492	-99.03	19.285
3493	-99.21	19.455
3494	-99.17	19.25
3495	-99.005	19.26
3496	-103.41	20.68
3497	-99.1	19.24
3498	-103.42	20.705
3499	-99.195	19.225
3500	-99.095	19.49
3501	-100.38	25.665
3502	-103.41	20.645
3503	-99.25	19.505
3504	-103.33	20.625
3505	-99.05	19.435
3506	-103.405	20.68
3507	-103.335	20.605
3508	-100.41	25.775
3509	-100.385	25.73
3510	-102.33	21.245
3511	-100.27	25.575
3512	-99.225	19.525
3513	-103.28	20.605
3514	-99.165	19.53
3515	-98.945	19.345
3516	-100.375	25.65
3517	-99.27	19.405
3518	-100.245	25.725
3519	-100.31	25.65
3520	-98.995	19.275
3521	-99.28	19.35
3522	-99.095	19.26
3523	-99.285	19.345
3524	-103.415	20.655
3525	-99.185	19.275
3526	-99.08	19.455
3527	-103.345	20.73
3528	-100.185	25.725
3529	-99.05	19.32
3530	-103.42	20.68
3531	-96.72	41.868
3532	-100.26	25.715
3533	-100.28	25.71
3534	-99.32	19.335
3535	-99.2	19.505
3536	-99.1	19.37
3537	-99.1	19.27
3538	-99.275	19.435
3539	-99.16	19.33
3540	-99.005	41.748
3541	-99.24	19.52
3542	-99.15	19.545
3543	-100.235	25.58
3544	-99.005	19.19
3545	-99.03	19.265
3546	-99.24	19.545
3547	-99.235	41.717
3548	-100.375	25.775
3549	-99.04	19.475
3550	-100.28	41.845
3551	-99.26	19.385
3552	-100.305	25.69
3553	-99	19.355
3554	-99.015	19.34
3555	-99.015	41.748
3556	-100.375	25.785
3557	-99.19	19.56
3558	-99.125	19.55
3559	-103.405	20.66
3560	-103.445	20.69
3561	-99.095	19.27
3562	-99.125	19.56
3563	-100.405	25.765
3564	-100.39	25.655
3565	-100.275	25.675
3566	-99.17	19.235
3567	-99.23	19.355
3568	-99.22	19.455
3569	-99.06	19.48
3570	-99.025	19.405
3571	-103.285	41.84
3572	-99.04	19.355
3573	-100.415	25.745
3574	-103.335	20.71
3575	-100.285	25.615
3576	-99	19.235
3577	-99.07	19.29
3578	-6.015	37.465
3579	-100.355	25.645
3580	-99.01	19.29
3581	-99.02	19.38
3582	-99.025	19.25
3583	-100.825	25.615
3584	-99.26	19.45
3585	-99.235	19.315
3586	-100.185	25.655
3587	-99.27	41.717
3588	-103.4	20.69
3589	-99.255	19.435
3590	-99.27	19.375
3591	-103.41	20.74
3592	-100.3	25.715
3593	-99.15	19.305
3594	-100.41	25.78
3595	-99.195	19.21
3596	-100.39	25.67
3597	-98.995	19.35
3598	-99.085	19.465
3599	-99.1	19.495
3600	-103.36	20.615
3601	-100.285	25.58
3602	-100.195	25.78
3603	-98.985	19.355
3604	-99.275	19.395
3605	-103.29	20.69
3606	-103.33	20.64
3607	-99.09	19.375
3608	-100.35	25.655
3609	-99.085	19.31
3610	-99.205	19.46
3611	-103.39	20.71
3612	-101.355	20.68
3613	-100.265	25.715
3614	-99.005	19.205
3615	-99.15	19.275
3616	-103.275	20.69
3617	-100.46	25.67
3618	-99.195	19.285
3619	-103.26	20.62
3620	-99.22	19.485
3621	-116.945	32.525
3622	-99.055	19.515
3623	-99.055	19.52
3624	-99.03	19.28
3625	-99.185	19.27
3626	-100.37	25.76
3627	-103.385	20.59
3628	-99.05	19.44
3629	-98.205	19.055
3630	-103.33	20.76
3631	-98.95	19.365
3632	-100.36	25.735
3633	-100.39	25.65
3634	-103.355	20.63
3635	-99.145	19.57
3636	-100.11	25.65
3637	-99.135	19.535
3638	-99.24	19.36
3639	-103.28	20.675
3640	-99.195	19.31
3641	-84.075	9.94
3642	-100.26	25.745
3643	-98.99	19.22
3644	-103.345	20.64
3645	-100.38	25.76
3646	-99.06	19.315
3647	-103.45	20.625
3648	-100.245	25.59
3649	-99.09	19.19
3650	-99.015	19.245
3651	-103.425	20.635
3652	-99.005	19.35
3653	-100.215	25.725
3654	-99.215	19.515
3655	-99.085	19.34
3656	-103.29	20.715
3657	-99.16	19.465
3658	-116.915	32.515
3659	-99	19.28
3660	-100.3	25.62
3661	-99.005	19.285
3662	-103.31	20.63
3663	-101.67	21.165
3664	-99.16	19.48
3665	-99.045	19.47
3666	-99.235	19.455
3667	-88.31	41.777
3668	-99.155	19.305
3669	-100.365	25.76
3670	-100.255	41.845
3671	-103.4	20.695
3672	-99.145	19.565
3673	-99.22	19.395
3674	-103.25	20.62
3675	-100.345	25.74
3676	-99.035	19.47
3677	-98.94	19.28
3678	-99.31	19.355
3679	-99.09	19.46
3680	-99.025	19.325
3681	-99.075	19.44
3682	-99.22	19.275
3683	-100.34	25.73
3684	-99.135	19.205
3685	-99.12	19.315
3686	-99.105	19.405
3687	-99.585	19.265
3688	-100.31	25.735
3689	-99.175	19.23
3690	-99.235	19.41
3691	-99.085	19.25
3692	-99.07	19.53
3693	-99.18	19.53
3694	-99.19	19.535
3695	-99.245	19.415
3696	-99.015	19.39
3697	-103.38	20.76
3698	-100.265	25.675
3699	-100.38	25.67
3700	-98.995	19.17
3701	-86.86	21.075
3702	-103.345	20.735
3703	-99.235	19.27
3704	-98.99	19.415
3705	-98.995	19.235
3706	-100.22	25.725
3707	-99.235	19.48
3708	-103.71	20.65
3709	-98.355	19.29
3710	-103.38	20.58
3711	-100.375	25.795
3712	-103.39	20.615
3713	-101.435	26.89
3714	-103.245	41.81
3715	-99.12	19.345
3716	-99.085	19.305
3717	-99.01	19.68
3718	-100.595	25.81
3719	-102.625	22.775
3720	-100.37	25.665
3721	-103.27	20.65
3722	-99.275	19.34
3723	-100.23	25.55
3724	-99.155	19.265
3725	-99.245	19.28
3726	-99.15	19.535
3727	-99.07	41.717
3728	-99.015	19.41
3729	-99.21	19.475
3730	-103.43	20.645
3731	-103.44	20.73
3732	-99.05	41.778
3733	-99.31	19.335
3734	-98.96	19.36
3735	-99.015	19.195
3736	-99.1	19.35
3737	-103.42	20.735
3738	-98.21	41.778
3739	-99.22	19.36
3740	-100.375	41.845
3741	-99.01	41.748
3742	-100.235	25.715
3743	-99.235	19.545
3744	-103.4	20.715
3745	-84.135	9.94
3746	-99.12	19.255
3747	-104.66	41.663
3748	-99.125	19.23
3749	-100.375	25.66
3750	-100.38	25.78
3751	-99.065	19.295
3752	-100.195	25.75
3753	-103.71	19.225
3754	-99.08	19.505
3755	-100.21	41.845
3756	-99.155	19.28
3757	-99.56	24.85
3758	-103.295	20.665
3759	-103.42	20.67
3760	-99.2	19.265
3761	-99.04	19.47
3762	-103.255	20.46
3763	-99.16	19.255
3764	-99.145	19.195
3765	-99.115	19.23
3766	-100.37	25.635
3767	-100.38	25.795
3768	-103.395	20.625
3769	-98.985	19.34
3770	-110.99	29.105
3771	-100.32	25.615
3772	-116.93	32.51
3773	-99.065	19.185
3774	-100.36	25.75
3775	-103.345	20.63
3776	-103.46	20.65
3777	-99.02	19.185
3778	-105.23	20.635
3779	-99.27	19.315
3780	-103.315	20.685
3781	-103.27	20.675
3782	-100.295	25.715
3783	-100.29	25.715
3784	-99.08	19.435
3785	-99.025	19.33
3786	-100.27	25.675
3787	-103.345	20.635
3788	-100.19	25.73
3789	-100.475	25.685
3790	-101.67	21.135
3791	-99.13	19.235
3792	-99	19.195
3793	-99.22	19.515
3794	-100.985	22.14
3795	-99.25	19.48
3796	-103.43	20.665
3797	-100.265	25.62
3798	-99.195	19.33
3799	-99.28	41.748
3800	-103.24	20.63
3801	-100.395	25.66
3802	-99.01	19.415
3803	-99.04	19.285
3804	-100.265	25.665
3805	-99.095	19.22
3806	-99.255	19.335
3807	-99.125	19.545
3808	-103.41	20.66
3809	-103.42	20.755
3810	-100.335	25.715
3811	-98.965	19.43
3812	-99.145	19.24
3813	-98.96	19.225
3814	-100.38	25.725
3815	-102.29	21.885
3816	-98.92	19.31
3817	-99.17	19.49
3818	-100.215	25.535
3819	-100.365	25.74
3820	-99.055	41.689
3821	-99.03	19.51
3822	-99.045	19.51
3823	-98.205	19.025
3824	-99.255	19.395
3825	-99.245	19.395
3826	-103.285	20.655
3827	-99.04	19.535
3828	-99.155	19.54
3829	-99.005	19.295
3830	-99.28	19.385
3831	-100.36	25.77
3832	-99.05	19.285
3833	-103.44	20.625
3834	-100.24	25.675
3835	-103.31	20.725
3836	-100.41	25.755
3837	-103.3	20.72
3838	-103.41	20.655
3839	-103.295	20.61
3840	-101.705	21.155
3841	-99.02	19.205
3842	-101.675	21.14
3843	-103.225	20.64
3844	-103.335	20.625
3845	-100.34	25.74
3846	-103.41	20.665
3847	-100.325	25.73
3848	-99.21	19.28
3849	-100.35	25.66
3850	-99.075	19.34
3851	-99.315	19.35
3852	-99.035	19.355
3853	-99.25	19.54
3854	-99.14	19.27
3855	-99.195	19.465
3856	-100.27	25.695
3857	-100.265	25.695
3858	-99.13	19.515
3859	-100.4	25.74
3860	-99.075	19.185
3861	-103.415	20.625
3862	-99.19	19.27
3863	-100.245	25.595
3864	-100.21	25.715
3865	-99.045	19.285
3866	-100.355	25.66
3867	-84.09	9.935
3868	-100.395	25.655
3869	-99.035	19.49
3870	-99.085	19.625
3871	-103.32	20.74
3872	-100.375	25.745
3873	-99	19.38
3874	-99.115	19.515
3875	-103.275	20.655
3876	-99.105	19.285
3877	-96.725	17.065
3878	-99.52	27.495
3879	-103.42	20.65
3880	-98.99	19.295
3881	-100.395	25.78
3882	-103.41	20.65
3883	-103.435	20.63
3884	-99.23	19.415
3885	-99.33	19.325
3886	-100.38	25.77
3887	-99.085	19.52
3888	-100.265	25.81
3889	-99.065	19.525
3890	-103.425	20.675
3891	-99.035	19.32
3892	-99.095	19.38
3893	-99.03	19.325
3894	-100.955	22.145
3895	-99.255	19.475
3896	-100.245	25.58
3897	-103.375	20.61
3898	-99.255	19.34
3899	-99.01	41.717
3900	-100.275	25.69
3901	-99.215	19.535
3902	-98.68	19.335
3903	-99.215	19.205
3904	-99.135	19.24
3905	-99.09	19.255
3906	-99.24	19.55
3907	-99.22	19.405
3908	-103.35	20.74
3909	-100.38	25.65
3910	-98.985	19.835
3911	-100.24	25.66
3912	-103.475	20.575
3913	-99.245	19.365
3914	-103.37	20.72
3915	-103.335	20.72
3916	-103.255	20.595
3917	-100.29	25.71
3918	-99.065	19.245
3919	-99.235	19.49
3920	-99.225	19.36
3921	-99	19.375
3922	-100.26	25.615
3923	-99.045	19.295
3924	-99.175	19.565
3925	-101.37	20.67
3926	-98.98	19.335
3927	-99.005	19.23
3928	-99.02	19.34
3929	-99.21	19.41
3930	-99.22	19.21
3931	-100.285	25.76
3932	-103.415	20.65
3933	-100.255	25.665
3934	-99.19	19.505
3935	-99.03	19.37
3936	-103.335	20.73
3937	-100.405	25.675
3938	-100.26	25.66
3939	-103.285	20.695
3940	-99.22	19.215
3941	-100.225	25.71
3942	-99.255	19.51
3943	-103.45	20.555
3944	-103.245	20.665
3945	-99.05	19.41
3946	-101.68	21.13
3947	-100.19	25.75
3948	-99.135	19.53
3949	-103.4	20.735
3950	-103.42	20.605
3951	-99.195	19.23
3952	-100.405	25.785
3953	-99.17	19.245
3954	-100.205	25.73
3955	-100.26	41.815
3956	-104.17	41.719
3957	-103.38	20.75
3958	-103.435	20.685
3959	-99.245	19.335
3960	-98.955	19.375
3961	-100.255	25.685
3962	-102.965	25.77
3963	-103.28	41.84
3964	-103.33	20.735
3965	-99.025	19.32
3966	-99.27	19.39
3967	-99.165	19.245
3968	-99.04	19.205
3969	-103.41	20.67
3970	-103.41	20.695
3971	-100.375	25.78
3972	-103.445	20.565
3973	-99.025	41.748
3974	-99.05	19.36
3975	-99.07	19.355
3976	-101.66	21.075
3977	-99.26	19.355
3978	-99.285	19.34
3979	-99.205	19.41
3980	-99.17	19.495
3981	-100.185	25.79
3982	-103.43	20.675
3983	-103.415	20.675
3984	-99.265	19.44
3985	-100.385	41.876
3986	-104.89	21.52
3987	-100.255	25.695
3988	-100.16	41.907
3989	-103.38	20.615
3990	-103.41	20.71
3991	-103.435	20.665
3992	-103.43	20.615
3993	-100.42	20.625
3994	-99.005	19.33
3995	-105.235	20.605
3996	-99.03	19.25
3997	-103.405	41.84
3998	-99.25	19.46
3999	-99.245	41.748
4000	-99.005	19.175
4001	-103.395	20.745
4002	-100.245	25.74
4003	-99.19	19.275
4004	-103.285	20.65
4005	-99.18	19.245
4006	-100.27	25.76
